segment,segment_name,name,body_offset,body_method,review_status,prototype_owner,review_scope,known_direct_callers,outgoing_named_calls
2,Main,CheckPlayNIS,0x0004,decoded,indexed-only,,No semantic review recorded in this prototype catalog,1,3
2,Main,EraseScreenAfterNIS,0x005c,decoded,indexed-only,,No semantic review recorded in this prototype catalog,1,0
2,Main,EraseScreenBeforeNIS,0x00a8,decoded,indexed-only,,No semantic review recorded in this prototype catalog,1,0
2,Main,IsTimeForNIS,0x00e8,jump_table,indexed-only,,No semantic review recorded in this prototype catalog,3,1
2,Main,PlayNIS,0x0298,jump_table,indexed-only,,No semantic review recorded in this prototype catalog,8,13
2,Main,DrawRoomFromNIS,0x03d4,jump_table,indexed-only,,No semantic review recorded in this prototype catalog,1,14
2,Main,DialogDrawNumber,0x04fa,decoded,indexed-only,,No semantic review recorded in this prototype catalog,1,2
2,Main,DialogDrawStr,0x0546,decoded,indexed-only,,No semantic review recorded in this prototype catalog,8,13
2,Main,DialogDrawStrId,0x06ec,decoded,indexed-only,,No semantic review recorded in this prototype catalog,3,2
2,Main,DialogFadeIn,0x0746,decoded,indexed-only,,No semantic review recorded in this prototype catalog,4,3
2,Main,DialogFadeOut,0x07da,decoded,indexed-only,,No semantic review recorded in this prototype catalog,4,2
2,Main,DialogResetToGamePlay,0x0852,decoded,indexed-only,,No semantic review recorded in this prototype catalog,4,8
2,Main,DrawDialogFrame,0x0926,jump_table,indexed-only,,No semantic review recorded in this prototype catalog,0,14
2,Main,InitDialog,0x0ab4,decoded,indexed-only,,No semantic review recorded in this prototype catalog,4,6
2,Main,ResumeGameDialog,0x0bf4,decoded,indexed-only,,No semantic review recorded in this prototype catalog,1,4
2,Main,SaveGameDialog,0x0c74,prologue,indexed-only,,No semantic review recorded in this prototype catalog,0,3
2,Main,DialogDrawBox,0x0cf0,decoded,indexed-only,,No semantic review recorded in this prototype catalog,2,4
2,Main,DrawSaveGameMsg,0x0d3e,prologue,indexed-only,,No semantic review recorded in this prototype catalog,1,2
2,Main,GetSaveGameLocation,0x0d8c,decoded,indexed-only,,No semantic review recorded in this prototype catalog,2,8
2,Main,InitSavedGameStruct,0x0f1a,decoded,indexed-only,,No semantic review recorded in this prototype catalog,3,8
2,Main,ResumeGame,0x1038,decoded,indexed-only,,No semantic review recorded in this prototype catalog,2,21
2,Main,SaveGame,,unknown,indexed-only,,No semantic review recorded in this prototype catalog,0,0
2,Main,SetCheckSavedGameCheckSumValues,0x1504,decoded,indexed-only,,No semantic review recorded in this prototype catalog,3,2
2,Main,SaveRebirthPtStatus,0x15d0,decoded,partial,pop2/rebirth.py;pop2/scene_prototype.py,level-1 opponent/generator snapshot; dynamic normalization and story state missing,1,13
2,Main,SetRebirthPtInitials,0x179e,jump_table,partial,pop2/rebirth.py;pop2/scene_prototype.py,"level-1 checkpoint room/cell, facing, full maximum life and idle startup",5,1
2,Main,CopyProtectionDialog,0x1922,jump_table,indexed-only,,No semantic review recorded in this prototype catalog,1,22
2,Main,ComputeSymbolPt,0x1c10,decoded,indexed-only,,No semantic review recorded in this prototype catalog,2,0
2,Main,ComputeSymbolRect,0x1c6e,decoded,indexed-only,,No semantic review recorded in this prototype catalog,2,1
2,Main,DrawCopyProtectionDialog,0x1cbe,decoded,indexed-only,,No semantic review recorded in this prototype catalog,1,8
2,Main,DrawSymbolBox,0x1db6,decoded,indexed-only,,No semantic review recorded in this prototype catalog,3,5
2,Main,GetCopyProtectionSymbol,0x1e10,decoded,indexed-only,,No semantic review recorded in this prototype catalog,1,7
2,Main,PtInSymbolRect,0x1ed6,decoded,indexed-only,,No semantic review recorded in this prototype catalog,1,1
2,Main,HallOfFameDialog,0x1f2c,decoded,indexed-only,,No semantic review recorded in this prototype catalog,1,18
2,Main,ComputeHallPlayerRect,0x20a6,decoded,indexed-only,,No semantic review recorded in this prototype catalog,3,0
2,Main,DrawHallOfFameDialog,0x20f4,decoded,indexed-only,,No semantic review recorded in this prototype catalog,2,10
2,Main,GetHallOfFameName,0x2220,decoded,indexed-only,,No semantic review recorded in this prototype catalog,1,18
2,Main,HOFAddPlayer,0x260c,decoded,indexed-only,,No semantic review recorded in this prototype catalog,1,3
2,Main,InitHallOfFame,0x275c,decoded,indexed-only,,No semantic review recorded in this prototype catalog,2,13
2,Main,ShowHallOfFame,0x28c2,decoded,indexed-only,,No semantic review recorded in this prototype catalog,1,14
2,Main,WriteHallOfFameFile,0x29de,decoded,indexed-only,,No semantic review recorded in this prototype catalog,1,8
2,Main,DoCreditsDialog,0x2b70,decoded,indexed-only,,No semantic review recorded in this prototype catalog,1,29
2,Main,DrawCreditsPage,0x2d20,decoded,indexed-only,,No semantic review recorded in this prototype catalog,1,1
2,Main,DrawCreditCategory,0x2d80,decoded,indexed-only,,No semantic review recorded in this prototype catalog,1,5
2,Main,GetRectToBlink,0x2ee2,decoded,indexed-only,,No semantic review recorded in this prototype catalog,1,0
2,Main,HandleEvent,0x3008,jump_table,indexed-only,,No semantic review recorded in this prototype catalog,11,0
2,Main,HandleMouseDown,0x33f0,prologue,indexed-only,,No semantic review recorded in this prototype catalog,0,12
2,Main,IsDAWindow,,unknown,indexed-only,,No semantic review recorded in this prototype catalog,0,0
2,Main,HandleMenuChoice,0x3554,prologue,indexed-only,,No semantic review recorded in this prototype catalog,1,4
2,Main,HandleAppleChoice,0x35f2,prologue,indexed-only,,No semantic review recorded in this prototype catalog,1,1
2,Main,HandleFileChoice,0x3642,prologue,indexed-only,,No semantic review recorded in this prototype catalog,1,0
2,Main,HandleEditChoice,0x376c,prologue,indexed-only,,No semantic review recorded in this prototype catalog,1,0
2,Main,HandleGameMenuChoice,0x3796,prologue,indexed-only,,No semantic review recorded in this prototype catalog,1,1
2,Main,SetMenusForGamePlayMode,0x38d2,decoded,indexed-only,,No semantic review recorded in this prototype catalog,5,1
2,Main,SetGameMenuItemMark,0x3968,decoded,indexed-only,,No semantic review recorded in this prototype catalog,3,0
2,Main,CheckCursorVisibility,0x3a38,jump_table,indexed-only,,No semantic review recorded in this prototype catalog,4,0
2,Main,CheckSoundChanges,0x3a9e,prologue,indexed-only,,No semantic review recorded in this prototype catalog,1,3
2,Main,e2MAC_HideMenuBar,0x3ae8,jump_table,indexed-only,,No semantic review recorded in this prototype catalog,3,1
2,Main,e2MAC_ShowMenuBar,0x3b76,jump_table,indexed-only,,No semantic review recorded in this prototype catalog,3,1
2,Main,calcMenuRgn,0x3bf0,decoded,indexed-only,,No semantic review recorded in this prototype catalog,2,0
2,Main,MRInit,0x3c6c,decoded,indexed-only,,No semantic review recorded in this prototype catalog,1,22
2,Main,SetWindowPos,0x3e28,decoded,indexed-only,,No semantic review recorded in this prototype catalog,1,4
2,Main,InitGame,0x3e8c,decoded,indexed-only,,No semantic review recorded in this prototype catalog,1,28
2,Main,ExitGame,0x4132,decoded,indexed-only,,No semantic review recorded in this prototype catalog,1,3
2,Main,GetSetDefaultSettings,0x4180,decoded,indexed-only,,No semantic review recorded in this prototype catalog,3,10
2,Main,MakeGameFile,0x42ac,jump_table,indexed-only,,No semantic review recorded in this prototype catalog,2,15
2,Main,SetCheatMode,0x4482,decoded,indexed-only,,No semantic review recorded in this prototype catalog,1,0
2,Main,main,0x44ca,jump_table,indexed-only,,No semantic review recorded in this prototype catalog,0,12
2,Main,ResetGame,0x453a,decoded,indexed-only,,No semantic review recorded in this prototype catalog,1,7
2,Main,SetStartLevel,0x4614,decoded,indexed-only,,No semantic review recorded in this prototype catalog,1,7
2,Main,CheckCheatKeys,0x4718,decoded,indexed-only,,No semantic review recorded in this prototype catalog,1,51
2,Main,CheckAvailableMemory,0x4dfe,decoded,indexed-only,,No semantic review recorded in this prototype catalog,1,3
2,Main,AvailableMemory,0x4e5c,decoded,indexed-only,,No semantic review recorded in this prototype catalog,1,2
2,Main,GetFreeMemory,0x4ed8,decoded,indexed-only,,No semantic review recorded in this prototype catalog,2,1
2,Main,ShowCheatMode,0x4f02,decoded,indexed-only,,No semantic review recorded in this prototype catalog,1,11
2,Main,KeepTime,0x4fd0,decoded,indexed-only,,No semantic review recorded in this prototype catalog,1,26
2,Main,PrepCut,0x532c,decoded,indexed-only,,No semantic review recorded in this prototype catalog,5,11
2,Main,ChangeMeters,0x54d6,jump_table,indexed-only,,No semantic review recorded in this prototype catalog,7,1
2,Main,ReadKeyboard,0x55d2,jump_table,partial,pop2/mac_input.py,ordinary keyboard priority,1,9
2,Main,IsUpKeyPressed,0x56d2,decoded,indexed-only,,No semantic review recorded in this prototype catalog,1,0
2,Main,IsDownKeyPressed,0x5756,decoded,indexed-only,,No semantic review recorded in this prototype catalog,1,0
2,Main,IsLeftKeyPressed,0x57de,decoded,indexed-only,,No semantic review recorded in this prototype catalog,1,0
2,Main,IsRightKeyPressed,0x5866,decoded,indexed-only,,No semantic review recorded in this prototype catalog,1,0
2,Main,PrinceCopy,0x594a,jump_table,indexed-only,,No semantic review recorded in this prototype catalog,2,3
2,Main,Start,0x5a26,jump_table,indexed-only,,No semantic review recorded in this prototype catalog,1,4
2,Main,RestartGame,0x5aea,decoded,indexed-only,,No semantic review recorded in this prototype catalog,1,20
2,Main,FirstFrame,0x5f36,jump_table,indexed-only,,No semantic review recorded in this prototype catalog,2,14
2,Main,DoCleanCut,0x606e,decoded,indexed-only,,No semantic review recorded in this prototype catalog,5,12
2,Main,FrameAdv,0x60fc,decoded,indexed-only,,No semantic review recorded in this prototype catalog,1,123
2,Main,ResetFrameVars,0x68c0,decoded,partial,pop2/scene_prototype.py,five/six-tick cadence only,1,2
2,Main,QuickFloor,0x697e,jump_table,indexed-only,,No semantic review recorded in this prototype catalog,2,8
2,Main,CheckAlert,0x6b46,decoded,indexed-only,,No semantic review recorded in this prototype catalog,1,20
2,Main,CheckCurrentFreeMemory,0x71c4,jump_table,indexed-only,,No semantic review recorded in this prototype catalog,4,1
3,Modular Set 1,AddNextBFItemToTable,0x0004,jump_table,indexed-only,,No semantic review recorded in this prototype catalog,125,4
3,Modular Set 1,AddCharObj,0x0130,jump_table,indexed-only,,No semantic review recorded in this prototype catalog,11,1
3,Modular Set 1,AddMid,0x01e6,jump_table,indexed-only,,No semantic review recorded in this prototype catalog,16,4
3,Modular Set 1,AddPeel,0x0384,jump_table,indexed-only,,No semantic review recorded in this prototype catalog,5,1
3,Modular Set 1,MarkPeelForeBufs,0x0428,decoded,indexed-only,,No semantic review recorded in this prototype catalog,1,3
3,Modular Set 1,GetPeelIdxForCharIdx,0x04e4,jump_table,indexed-only,,No semantic review recorded in this prototype catalog,3,0
3,Modular Set 1,Peel,0x054a,decoded,indexed-only,,No semantic review recorded in this prototype catalog,1,2
3,Modular Set 1,GetBackTableImgRow,0x06c4,jump_table,indexed-only,,No semantic review recorded in this prototype catalog,5,0
3,Modular Set 1,Opponent1,0x072e,jump_table,indexed-only,,No semantic review recorded in this prototype catalog,3,24
3,Modular Set 1,SetupSword,0x0ac8,jump_table,indexed-only,,No semantic review recorded in this prototype catalog,8,40
3,Modular Set 1,SetupOpponent,0x0e9c,decoded,indexed-only,,No semantic review recorded in this prototype catalog,1,16
3,Modular Set 1,AddCustomPiecePeel,0x0f90,decoded,indexed-only,,No semantic review recorded in this prototype catalog,2,1
3,Modular Set 1,DrawCustomRoomImgAtInfo,0x1118,jump_table,indexed-only,,No semantic review recorded in this prototype catalog,4,3
3,Modular Set 1,CustomPieceOffsetToColRow,0x11d8,decoded,indexed-only,,No semantic review recorded in this prototype catalog,1,0
3,Modular Set 1,GetCustomPieceShape,0x1236,decoded,indexed-only,,No semantic review recorded in this prototype catalog,2,0
3,Modular Set 1,GetCustomPieceSize,0x12a8,jump_table,indexed-only,,No semantic review recorded in this prototype catalog,2,0
3,Modular Set 1,IsCustomizedRoom,0x1310,decoded,indexed-only,,No semantic review recorded in this prototype catalog,1,0
3,Modular Set 1,LoadCustomRoomData,0x1378,jump_table,partial,pop2/render_opening.py,CUST:4350 fixed descent-room image records only,4,6
3,Modular Set 1,LoadCustomRoomShapes,0x142a,decoded,partial,pop2/render_opening.py,fixed descent-room SHAP images; animated templates missing,2,8
3,Modular Set 1,RestoreKeepCustomPeel,0x1780,jump_table,indexed-only,,No semantic review recorded in this prototype catalog,2,1
3,Modular Set 1,SetCustomPieceRect,0x1856,jump_table,indexed-only,,No semantic review recorded in this prototype catalog,1,1
3,Modular Set 1,SetCustomRoomTemplate,0x18aa,decoded,indexed-only,,No semantic review recorded in this prototype catalog,2,0
3,Modular Set 1,UnloadCustomRoomShapes,0x1958,jump_table,indexed-only,,No semantic review recorded in this prototype catalog,2,4
3,Modular Set 1,RedrawCellFast,0x1ab0,jump_table,indexed-only,,No semantic review recorded in this prototype catalog,8,29
3,Modular Set 1,RedrawTopFast,0x1f4e,decoded,indexed-only,,No semantic review recorded in this prototype catalog,1,4
3,Modular Set 1,DrawBackImg,0x1ff4,decoded,indexed-only,,No semantic review recorded in this prototype catalog,9,5
3,Modular Set 1,GetBackImgStartPass,0x227e,decoded,indexed-only,,No semantic review recorded in this prototype catalog,1,3
3,Modular Set 1,DrawCustomRoomImgs,0x2324,decoded,partial,pop2/render_opening.py,CUST:4350 static background/foreground passes,4,4
3,Modular Set 1,DrawCustomRoomImg,0x2438,jump_table,indexed-only,,No semantic review recorded in this prototype catalog,16,0
3,Modular Set 1,DrawForeImg,0x2598,decoded,indexed-only,,No semantic review recorded in this prototype catalog,4,4
3,Modular Set 1,CheckGateInFore,0x26e4,decoded,indexed-only,,No semantic review recorded in this prototype catalog,1,6
3,Modular Set 1,CheckNextBFItem,0x29b6,decoded,indexed-only,,No semantic review recorded in this prototype catalog,2,1
3,Modular Set 1,ResetNextBFItem,0x29e2,jump_table,indexed-only,,No semantic review recorded in this prototype catalog,16,0
3,Modular Set 1,ResetNextBFItemWithPrevInfo,0x2ac4,jump_table,indexed-only,,No semantic review recorded in this prototype catalog,98,2
3,Modular Set 1,TransferBFItemMidFields,0x2b5c,jump_table,indexed-only,,No semantic review recorded in this prototype catalog,7,0
3,Modular Set 1,DumpTable,0x2bb0,decoded,indexed-only,,No semantic review recorded in this prototype catalog,3,3
3,Modular Set 1,DrawBFItem,0x2daa,jump_table,indexed-only,,No semantic review recorded in this prototype catalog,9,13
3,Modular Set 1,DrawMidItem,0x307a,decoded,indexed-only,,No semantic review recorded in this prototype catalog,2,10
3,Modular Set 1,CheckAddDRect,0x3330,jump_table,indexed-only,,No semantic review recorded in this prototype catalog,3,11
3,Modular Set 1,AddDRect,0x33c8,decoded,indexed-only,,No semantic review recorded in this prototype catalog,2,1
3,Modular Set 1,DrawHalf,0x3480,decoded,indexed-only,,No semantic review recorded in this prototype catalog,1,6
3,Modular Set 1,ComputeHalfRect,0x35bc,decoded,partial,pop2/render_opening.py,climb 135-144 rectangle table,2,1
3,Modular Set 1,DrawFloorBuf,0x371c,decoded,indexed-only,,No semantic review recorded in this prototype catalog,1,11
3,Modular Set 1,DrawObjs,0x39d6,decoded,indexed-only,,No semantic review recorded in this prototype catalog,3,3
3,Modular Set 1,SortObjTable,0x3b62,decoded,indexed-only,,No semantic review recorded in this prototype catalog,1,1
3,Modular Set 1,CompareObj,0x3bec,decoded,indexed-only,,No semantic review recorded in this prototype catalog,1,2
3,Modular Set 1,GetObjForePriority,0x3e24,decoded,indexed-only,,No semantic review recorded in this prototype catalog,2,0
3,Modular Set 1,GetObjTableType,0x3e7c,jump_table,indexed-only,,No semantic review recorded in this prototype catalog,3,0
3,Modular Set 1,DrawObj,0x3eda,decoded,indexed-only,,No semantic review recorded in this prototype catalog,2,12
3,Modular Set 1,DrawObjLoose,0x412c,decoded,indexed-only,,No semantic review recorded in this prototype catalog,1,3
3,Modular Set 1,LoadObject,0x41c6,decoded,indexed-only,,No semantic review recorded in this prototype catalog,1,0
3,Modular Set 1,DrawMessage,0x4252,jump_table,indexed-only,,No semantic review recorded in this prototype catalog,11,10
3,Modular Set 1,DrawRestartMessage,0x433a,jump_table,partial,pop2/scene_prototype.py,"original text/font centered in HUD, reference palette-index-6 displayed color; native frontend timeout missing",2,11
3,Modular Set 1,ClrLifeBar,0x444a,jump_table,indexed-only,,No semantic review recorded in this prototype catalog,3,1
3,Modular Set 1,ClrMessage,0x448a,jump_table,indexed-only,,No semantic review recorded in this prototype catalog,6,2
3,Modular Set 1,GetHorseShape,0x44f0,jump_table,indexed-only,,No semantic review recorded in this prototype catalog,1,2
3,Modular Set 1,GetHorsePtInPlane,0x4572,decoded,indexed-only,,No semantic review recorded in this prototype catalog,1,0
3,Modular Set 1,DrawHorse,0x4608,decoded,indexed-only,,No semantic review recorded in this prototype catalog,1,0
3,Modular Set 1,GetFlaskBubbleColor,0x46fc,jump_table,indexed-only,,No semantic review recorded in this prototype catalog,0,7
3,Modular Set 1,DrawKidMeter,0x4902,jump_table,partial,pop2/combat_art.py,ordinary health icons; upgrade effects missing,7,5
3,Modular Set 1,DrawOppMeter,0x4a8e,jump_table,partial,pop2/combat_art.py,ordinary guard health icons,9,8
3,Modular Set 1,DrawSword,0x4cd2,jump_table,indexed-only,,No semantic review recorded in this prototype catalog,0,2
3,Modular Set 1,IsFloor,0x4da6,jump_table,indexed-only,,No semantic review recorded in this prototype catalog,19,2
3,Modular Set 1,IsImpassable,0x4de2,jump_table,indexed-only,,No semantic review recorded in this prototype catalog,8,0
3,Modular Set 1,IsLandOnable,0x4e32,jump_table,indexed-only,,No semantic review recorded in this prototype catalog,2,2
3,Modular Set 1,IsMobFloor,0x4e7c,jump_table,indexed-only,,No semantic review recorded in this prototype catalog,2,0
3,Modular Set 1,IsSpace,0x4eb2,jump_table,indexed-only,,No semantic review recorded in this prototype catalog,70,0
3,Modular Set 1,IsWall,0x4ef2,jump_table,indexed-only,,No semantic review recorded in this prototype catalog,49,0
3,Modular Set 1,SaveGamePlayPalette,0x4f6e,jump_table,indexed-only,,No semantic review recorded in this prototype catalog,5,3
3,Modular Set 1,SetPaletteToColorIdx,0x4fbc,jump_table,indexed-only,,No semantic review recorded in this prototype catalog,1,5
3,Modular Set 1,PoPSetPalette,0x508a,jump_table,indexed-only,,No semantic review recorded in this prototype catalog,50,4
3,Modular Set 1,TweakKidShpList,0x5136,prologue,indexed-only,,No semantic review recorded in this prototype catalog,0,0
3,Modular Set 1,VisibleAbovePiece,0x5152,jump_table,indexed-only,,No semantic review recorded in this prototype catalog,4,4
3,Modular Set 1,OpenLevelRsrcFile,0x51fa,jump_table,indexed-only,,No semantic review recorded in this prototype catalog,3,2
3,Modular Set 1,CheckLoadedOppSet,0x5278,jump_table,indexed-only,,No semantic review recorded in this prototype catalog,2,1
3,Modular Set 1,GetBGSetImgSize,0x533a,jump_table,indexed-only,,No semantic review recorded in this prototype catalog,7,1
3,Modular Set 1,GetBGSetShapeItem,0x5414,decoded,indexed-only,,No semantic review recorded in this prototype catalog,4,1
3,Modular Set 1,LoadBGSet,0x54d0,jump_table,indexed-only,,No semantic review recorded in this prototype catalog,2,4
3,Modular Set 1,LoadFlameShapes,0x555e,jump_table,indexed-only,,No semantic review recorded in this prototype catalog,2,3
3,Modular Set 1,LoadFlaskSet,0x5614,decoded,indexed-only,,No semantic review recorded in this prototype catalog,1,3
3,Modular Set 1,LoadLevel,0x5680,jump_table,indexed-only,,No semantic review recorded in this prototype catalog,3,19
3,Modular Set 1,LoadLevelMap,0x57fa,jump_table,indexed-only,,No semantic review recorded in this prototype catalog,3,3
3,Modular Set 1,LoadLevelMinimum,0x585a,jump_table,indexed-only,,No semantic review recorded in this prototype catalog,1,7
3,Modular Set 1,LoadLevelSounds,0x58ae,decoded,indexed-only,,No semantic review recorded in this prototype catalog,3,2
3,Modular Set 1,LoadCodeOverlays,0x5986,jump_table,indexed-only,,No semantic review recorded in this prototype catalog,3,4
3,Modular Set 1,LoadSwordSet,0x5a4e,jump_table,indexed-only,,No semantic review recorded in this prototype catalog,3,5
3,Modular Set 1,LoadKidAttachFrames,0x5b2a,decoded,indexed-only,,No semantic review recorded in this prototype catalog,2,1
3,Modular Set 1,MarkBGSetPurgable,0x5b78,jump_table,indexed-only,,No semantic review recorded in this prototype catalog,9,1
3,Modular Set 1,SetPrinceLevelSpecPtrs,0x5d82,jump_table,indexed-only,,No semantic review recorded in this prototype catalog,2,0
3,Modular Set 1,InitState,0x5dce,decoded,indexed-only,,No semantic review recorded in this prototype catalog,1,0
3,Modular Set 1,LoadSet,0x5e1e,decoded,indexed-only,,No semantic review recorded in this prototype catalog,1,3
3,Modular Set 1,LoadKidSet,0x5eb8,decoded,indexed-only,,No semantic review recorded in this prototype catalog,1,2
3,Modular Set 1,SetKidPalette,0x5f1c,jump_table,indexed-only,,No semantic review recorded in this prototype catalog,9,1
3,Modular Set 1,LoadOppSet,0x5f58,jump_table,indexed-only,,No semantic review recorded in this prototype catalog,5,8
3,Modular Set 1,PreloadRoomData,0x60e6,jump_table,indexed-only,,No semantic review recorded in this prototype catalog,1,2
3,Modular Set 1,UnloadFrom,0x623e,jump_table,indexed-only,,No semantic review recorded in this prototype catalog,2,4
3,Modular Set 1,UnloadLevel,0x62d6,jump_table,indexed-only,,No semantic review recorded in this prototype catalog,3,6
3,Modular Set 1,UnloadSet,0x6408,jump_table,indexed-only,,No semantic review recorded in this prototype catalog,6,1
4,Characters 2,AutoPress,0x0004,jump_table,indexed-only,,No semantic review recorded in this prototype catalog,1,2
4,Characters 2,GetOppDeadSeq,0x0074,jump_table,partial,pop2/combat.py,ordinary rooftop slot-parity corpse 195/228; special actors missing,2,4
4,Characters 2,DoOppTumbleSeq,0x0154,jump_table,partial,pop2/combat.py;pop2/terrain.py,"forced rooftops, generator life flag, death-bank/Rnd(3), overlap and facing/tile vetoes; ordinary rooftop NPCs",1,9
4,Characters 2,GetTotalDeadOpps,0x02e0,decoded,indexed-only,,No semantic review recorded in this prototype catalog,1,14
4,Characters 2,InRange,0x0466,decoded,indexed-only,,No semantic review recorded in this prototype catalog,1,5
4,Characters 2,DoOppRunJump,0x07fe,jump_table,indexed-only,,No semantic review recorded in this prototype catalog,1,16
4,Characters 2,EnGarde,0x098c,jump_table,partial,pop2/combat.py,"ordinary guard skill, ready-pose decisions and sword lowering after Kid death",1,29
4,Characters 2,WaitingEngarde,0x0c7e,decoded,indexed-only,,No semantic review recorded in this prototype catalog,1,22
4,Characters 2,GenFight,0x0f28,decoded,indexed-only,,No semantic review recorded in this prototype catalog,1,13
4,Characters 2,OpponentClose,0x111a,decoded,partial,pop2/combat.py,ordinary close-range decisions,2,19
4,Characters 2,IsExitChasingSkel,0x17aa,jump_table,indexed-only,,No semantic review recorded in this prototype catalog,6,0
4,Characters 2,SetSkelShakes,0x17fa,decoded,indexed-only,,No semantic review recorded in this prototype catalog,2,1
4,Characters 2,SetSkelTimer,0x184a,jump_table,indexed-only,,No semantic review recorded in this prototype catalog,5,1
4,Characters 2,ShakeBones,0x1898,jump_table,indexed-only,,No semantic review recorded in this prototype catalog,1,4
4,Characters 2,SkelAddOpponent,0x198a,jump_table,indexed-only,,No semantic review recorded in this prototype catalog,1,7
4,Characters 2,SkelDoneShaking,0x1a86,jump_table,indexed-only,,No semantic review recorded in this prototype catalog,1,12
4,Characters 2,FlameSwordDecLifePts,0x1c36,jump_table,indexed-only,,No semantic review recorded in this prototype catalog,1,5
4,Characters 2,TriggerJinnee,0x1d64,jump_table,indexed-only,,No semantic review recorded in this prototype catalog,1,12
4,Characters 2,CutToKidRoom,0x2338,jump_table,indexed-only,,No semantic review recorded in this prototype catalog,2,9
4,Characters 2,GetKidIdxAsOpp,0x2442,jump_table,indexed-only,,No semantic review recorded in this prototype catalog,3,0
4,Characters 2,IsShadowBlinkOn,0x24b2,jump_table,indexed-only,,No semantic review recorded in this prototype catalog,4,4
4,Characters 2,IsShadowImbued,0x2590,decoded,indexed-only,,No semantic review recorded in this prototype catalog,2,0
4,Characters 2,SetupShadowFlame,0x2630,jump_table,indexed-only,,No semantic review recorded in this prototype catalog,2,8
4,Characters 2,Handler,0x26e0,jump_table,indexed-only,,No semantic review recorded in this prototype catalog,1,4
4,Characters 2,ReadCell,0x27ee,jump_table,indexed-only,,No semantic review recorded in this prototype catalog,81,4
4,Characters 2,GetUndefineCellId,0x28b6,decoded,indexed-only,,No semantic review recorded in this prototype catalog,1,0
4,Characters 2,IndexCell,0x29d8,jump_table,indexed-only,,No semantic review recorded in this prototype catalog,9,1
4,Characters 2,IndexCell1,0x2a38,jump_table,indexed-only,,No semantic review recorded in this prototype catalog,8,1
4,Characters 2,AddCharX,0x2bae,jump_table,indexed-only,,No semantic review recorded in this prototype catalog,102,0
4,Characters 2,AddFCharX,0x2bda,jump_table,indexed-only,,No semantic review recorded in this prototype catalog,15,0
4,Characters 2,AnimChar,0x2c0c,jump_table,partial,pop2/sequence_runtime.py,supported opcodes including -16 level-transition request; others fail explicitly,36,39
4,Characters 2,GetSeqOp,0x305e,decoded,indexed-only,,No semantic review recorded in this prototype catalog,20,0
4,Characters 2,hGetSequence,0x3098,decoded,indexed-only,,No semantic review recorded in this prototype catalog,3,1
4,Characters 2,AnimCharTap,0x30e0,decoded,indexed-only,,No semantic review recorded in this prototype catalog,1,5
4,Characters 2,SetKidDeathMethod,0x3196,jump_table,indexed-only,,No semantic review recorded in this prototype catalog,20,1
4,Characters 2,FirstInRow,0x322a,jump_table,indexed-only,,No semantic review recorded in this prototype catalog,35,0
4,Characters 2,LoadKidwOpp,0x3286,jump_table,indexed-only,,No semantic review recorded in this prototype catalog,2,1
4,Characters 2,LoadShadAsOpp,0x3312,jump_table,indexed-only,,No semantic review recorded in this prototype catalog,5,0
4,Characters 2,LoadShadwOpp,0x335a,jump_table,indexed-only,,No semantic review recorded in this prototype catalog,1,1
4,Characters 2,ConvertX,0x33e6,jump_table,indexed-only,,No semantic review recorded in this prototype catalog,1,0
4,Characters 2,DecLifePts,0x34f2,jump_table,indexed-only,,No semantic review recorded in this prototype catalog,35,0
4,Characters 2,GetCellsInFront,0x39fc,jump_table,indexed-only,,No semantic review recorded in this prototype catalog,48,1
4,Characters 2,GetDist1,0x3aa0,jump_table,indexed-only,,No semantic review recorded in this prototype catalog,2,1
4,Characters 2,GetCharCol,0x3ad6,jump_table,partial,pop2/terrain.py,ordinary signed coordinate conversion,23,1
4,Characters 2,GetRow,0x3afa,jump_table,partial,pop2/terrain.py,signed row conversion,13,0
4,Characters 2,PlayerCtrl,0x3b88,jump_table,partial,pop2/rebirth.py;pop2/scene_prototype.py;pop2/audio.py,ordinary dead-pose counter/retry gate with current/pending SDL audio completion,2,20
4,Characters 2,IsLedge,0x3f44,jump_table,indexed-only,,No semantic review recorded in this prototype catalog,4,2
4,Characters 2,RemoveObj,0x406c,jump_table,indexed-only,,No semantic review recorded in this prototype catalog,2,1
4,Characters 2,ClipChar,0x4146,jump_table,reference-only,pop2/render_opening.py,full native clipping pipeline not translated,2,13
4,Characters 2,MakeFCharClipRect,0x4432,jump_table,indexed-only,,No semantic review recorded in this prototype catalog,6,2
4,Characters 2,IndexChar,0x4558,jump_table,indexed-only,,No semantic review recorded in this prototype catalog,2,1
4,Characters 2,IsCharNonViewable,0x471e,jump_table,partial,pop2/render_opening.py,settled Prince/ordinary guard rooftop corpses except native rooms 15/16/19; guard variant 228 included,3,1
4,Characters 2,IsDeadPos,0x47a0,jump_table,partial,pop2/rebirth.py,Prince dead-pose IDs only,10,0
4,Characters 2,LoadShad,0x4ac0,jump_table,indexed-only,,No semantic review recorded in this prototype catalog,31,0
4,Characters 2,CheckBarr,0x4e34,jump_table,partial,pop2/terrain.py,standing-turn mode-7 exclusion; full barriers not translated,1,20
4,Characters 2,InitColDetBufs,0x50da,decoded,indexed-only,,No semantic review recorded in this prototype catalog,1,9
4,Characters 2,GetBarrCode,0x52bc,jump_table,indexed-only,,No semantic review recorded in this prototype catalog,10,0
4,Characters 2,GetColDetData,0x536a,decoded,indexed-only,,No semantic review recorded in this prototype catalog,3,2
4,Characters 2,GetLeftBarr,0x541a,decoded,indexed-only,,No semantic review recorded in this prototype catalog,3,2
4,Characters 2,GetRightBarr,0x547c,decoded,indexed-only,,No semantic review recorded in this prototype catalog,3,2
4,Characters 2,CheckCollide1,0x54da,jump_table,partial,pop2/terrain.py,unarmed grounded front-only versus armed front/rear within port sweep,1,12
4,Characters 2,CheckCollide,0x5654,decoded,indexed-only,,No semantic review recorded in this prototype catalog,2,4
4,Characters 2,AdjustRoom,0x56e6,decoded,indexed-only,,No semantic review recorded in this prototype catalog,3,0
4,Characters 2,Collide,0x5738,decoded,indexed-only,,No semantic review recorded in this prototype catalog,2,10
4,Characters 2,GroundBump,0x5868,decoded,indexed-only,,No semantic review recorded in this prototype catalog,2,20
4,Characters 2,GateBarrToStandUp,0x5baa,jump_table,indexed-only,,No semantic review recorded in this prototype catalog,1,4
4,Characters 2,GetCharEdges,0x5cbc,jump_table,indexed-only,,No semantic review recorded in this prototype catalog,11,9
4,Characters 2,CheckGateForKid,0x60e4,jump_table,indexed-only,,No semantic review recorded in this prototype catalog,1,10
4,Characters 2,EnemyCollide,0x62b0,jump_table,indexed-only,,No semantic review recorded in this prototype catalog,1,18
4,Characters 2,GetBarrDistFromFace,0x6562,jump_table,indexed-only,,No semantic review recorded in this prototype catalog,7,3
4,Characters 2,GetBarrDistFromBack,0x6610,decoded,indexed-only,,No semantic review recorded in this prototype catalog,4,2
5,Modular Set 2,CalcBlue,0x0004,jump_table,indexed-only,,No semantic review recorded in this prototype catalog,20,0
5,Modular Set 2,CellToCol,0x0074,decoded,indexed-only,,No semantic review recorded in this prototype catalog,1,0
5,Modular Set 2,CellToRow,0x00f8,decoded,indexed-only,,No semantic review recorded in this prototype catalog,1,0
5,Modular Set 2,ComputeClipRect,0x0162,decoded,indexed-only,,No semantic review recorded in this prototype catalog,3,0
5,Modular Set 2,ComputeOffsetCellRect,0x01e2,jump_table,indexed-only,,No semantic review recorded in this prototype catalog,9,0
5,Modular Set 2,GetAboveAry,0x026a,jump_table,indexed-only,,No semantic review recorded in this prototype catalog,4,6
5,Modular Set 2,GetBelowAry,0x03bc,jump_table,indexed-only,,No semantic review recorded in this prototype catalog,4,5
5,Modular Set 2,GetObject,0x0470,decoded,indexed-only,,No semantic review recorded in this prototype catalog,9,1
5,Modular Set 2,PieceAboveId,0x05d0,jump_table,indexed-only,,No semantic review recorded in this prototype catalog,3,1
5,Modular Set 2,GetRoomID,0x066a,decoded,indexed-only,,No semantic review recorded in this prototype catalog,4,1
5,Modular Set 2,PieceAboveRightId,0x06ee,jump_table,indexed-only,,No semantic review recorded in this prototype catalog,1,1
5,Modular Set 2,PieceBelowId,0x07a4,jump_table,indexed-only,,No semantic review recorded in this prototype catalog,1,1
5,Modular Set 2,PieceLeftId,0x084e,jump_table,indexed-only,,No semantic review recorded in this prototype catalog,1,1
5,Modular Set 2,PieceRightId,0x08c4,jump_table,indexed-only,,No semantic review recorded in this prototype catalog,5,1
5,Modular Set 2,PoPEraseRectInBothPorts,0x09e0,jump_table,indexed-only,,No semantic review recorded in this prototype catalog,12,2
5,Modular Set 2,AnimTrobs,0x0c38,jump_table,indexed-only,,No semantic review recorded in this prototype catalog,1,1
5,Modular Set 2,AnimTrob,0x0cd6,decoded,indexed-only,,No semantic review recorded in this prototype catalog,1,2
5,Modular Set 2,RedrawTorch,0x0e38,prologue,indexed-only,,No semantic review recorded in this prototype catalog,0,2
5,Modular Set 2,RedrawExit,0x0eac,jump_table,indexed-only,,No semantic review recorded in this prototype catalog,1,2
5,Modular Set 2,RedrawFlask,0x0efa,prologue,indexed-only,,No semantic review recorded in this prototype catalog,1,2
5,Modular Set 2,RedrawPlate,0x0f38,decoded,indexed-only,,No semantic review recorded in this prototype catalog,1,2
5,Modular Set 2,RedrawLoose,0x0f90,prologue,indexed-only,,No semantic review recorded in this prototype catalog,0,2
5,Modular Set 2,RedrawGate,0x0fe6,jump_table,indexed-only,,No semantic review recorded in this prototype catalog,1,3
5,Modular Set 2,RedrawTrob,0x1144,jump_table,indexed-only,,No semantic review recorded in this prototype catalog,1,2
5,Modular Set 2,ComputeTrobMoveRect,0x1186,jump_table,indexed-only,,No semantic review recorded in this prototype catalog,14,3
5,Modular Set 2,CheckPress,0x127e,jump_table,indexed-only,,No semantic review recorded in this prototype catalog,2,9
5,Modular Set 2,AnimTorch,0x13ec,prologue,indexed-only,,No semantic review recorded in this prototype catalog,0,2
5,Modular Set 2,StopGate,0x14a8,jump_table,indexed-only,,No semantic review recorded in this prototype catalog,1,4
5,Modular Set 2,CheckSquishedFingers,0x153c,prologue,indexed-only,,No semantic review recorded in this prototype catalog,0,2
5,Modular Set 2,GetTorchFrame,0x168e,jump_table,indexed-only,,No semantic review recorded in this prototype catalog,2,0
5,Modular Set 2,MarkTop,0x16f2,decoded,indexed-only,,No semantic review recorded in this prototype catalog,5,2
5,Modular Set 2,MarkMove,0x17e2,jump_table,indexed-only,,No semantic review recorded in this prototype catalog,2,2
5,Modular Set 2,MarkFloor,0x1846,jump_table,indexed-only,,No semantic review recorded in this prototype catalog,3,2
5,Modular Set 2,MarkHalf,0x18ac,jump_table,indexed-only,,No semantic review recorded in this prototype catalog,1,1
5,Modular Set 2,MarkRedraw,0x18f0,jump_table,indexed-only,,No semantic review recorded in this prototype catalog,3,1
5,Modular Set 2,MarkFRedraw,0x1990,jump_table,indexed-only,,No semantic review recorded in this prototype catalog,2,2
5,Modular Set 2,MarkBufsForRect,0x19f8,jump_table,indexed-only,,No semantic review recorded in this prototype catalog,42,3
5,Modular Set 2,PoPDiffRect,0x1b5c,prologue,indexed-only,,No semantic review recorded in this prototype catalog,0,0
5,Modular Set 2,Trigger,0x1c4c,decoded,indexed-only,,No semantic review recorded in this prototype catalog,3,7
5,Modular Set 2,TriggerFlask,0x1ce8,jump_table,indexed-only,,No semantic review recorded in this prototype catalog,2,2
5,Modular Set 2,TriggerGate,0x1d50,decoded,indexed-only,,No semantic review recorded in this prototype catalog,1,3
5,Modular Set 2,TriggerObject,0x1ec8,decoded,indexed-only,,No semantic review recorded in this prototype catalog,1,6
5,Modular Set 2,TriggerTorch,0x1ffa,jump_table,indexed-only,,No semantic review recorded in this prototype catalog,1,3
5,Modular Set 2,AddTrob,0x20a0,jump_table,indexed-only,,No semantic review recorded in this prototype catalog,19,1
5,Modular Set 2,Get1stWallColInDir,0x2198,jump_table,indexed-only,,No semantic review recorded in this prototype catalog,3,2
5,Modular Set 2,GetSlideRockX,0x21f6,jump_table,indexed-only,,No semantic review recorded in this prototype catalog,4,1
5,Modular Set 2,GetLinkNext,0x2238,decoded,indexed-only,,No semantic review recorded in this prototype catalog,1,0
5,Modular Set 2,GetLinkTimer,0x2278,decoded,indexed-only,,No semantic review recorded in this prototype catalog,1,0
5,Modular Set 2,ChangeLinkTimer,0x22b8,decoded,indexed-only,,No semantic review recorded in this prototype catalog,2,0
5,Modular Set 2,GetLinkCell,0x2304,decoded,indexed-only,,No semantic review recorded in this prototype catalog,1,0
5,Modular Set 2,LinkBefore,0x2344,prologue,indexed-only,,No semantic review recorded in this prototype catalog,0,0
5,Modular Set 2,LinkMore,0x238a,prologue,indexed-only,,No semantic review recorded in this prototype catalog,0,0
5,Modular Set 2,GetLinkRoom,0x23ce,decoded,indexed-only,,No semantic review recorded in this prototype catalog,2,0
5,Modular Set 2,PushPlate,0x240c,decoded,indexed-only,,No semantic review recorded in this prototype catalog,2,8
5,Modular Set 2,CloseExit,0x25aa,jump_table,indexed-only,,No semantic review recorded in this prototype catalog,1,1
5,Modular Set 2,MakeSpace,0x2606,jump_table,indexed-only,,No semantic review recorded in this prototype catalog,2,0
5,Modular Set 2,BreakLoose,0x2710,jump_table,indexed-only,,No semantic review recorded in this prototype catalog,3,3
5,Modular Set 2,ShakeEm,0x2876,jump_table,indexed-only,,No semantic review recorded in this prototype catalog,1,5
5,Modular Set 2,GetMobTypeItem,0x293c,jump_table,indexed-only,,No semantic review recorded in this prototype catalog,8,0
5,Modular Set 2,GetOS,0x29a8,jump_table,indexed-only,,No semantic review recorded in this prototype catalog,4,0
5,Modular Set 2,MakeRubble,0x29e8,jump_table,indexed-only,,No semantic review recorded in this prototype catalog,1,1
5,Modular Set 2,ATMLoose,0x307c,jump_table,indexed-only,,No semantic review recorded in this prototype catalog,1,1
5,Modular Set 2,ComputeMobRect,0x32f6,jump_table,indexed-only,,No semantic review recorded in this prototype catalog,4,0
5,Modular Set 2,MarkMobRedraw,0x33fa,jump_table,indexed-only,,No semantic review recorded in this prototype catalog,9,2
5,Modular Set 2,AddMobObj,0x346a,jump_table,indexed-only,,No semantic review recorded in this prototype catalog,10,1
5,Modular Set 2,CharUnderMob,0x3576,prologue,indexed-only,,No semantic review recorded in this prototype catalog,0,12
5,Modular Set 2,OppInfoUnderMob,0x377e,prologue,indexed-only,,No semantic review recorded in this prototype catalog,1,1
5,Modular Set 2,AddGateSound,0x3828,jump_table,indexed-only,,No semantic review recorded in this prototype catalog,2,3
5,Modular Set 2,GetTrobRoomCell,0x38a6,jump_table,indexed-only,,No semantic review recorded in this prototype catalog,13,0
5,Modular Set 2,GetTrobId,0x3900,jump_table,indexed-only,,No semantic review recorded in this prototype catalog,3,0
5,Modular Set 2,IsVisibleRoomCell,0x3960,jump_table,indexed-only,,No semantic review recorded in this prototype catalog,5,0
5,Modular Set 2,ATMSpikes,0x39c8,prologue,indexed-only,,No semantic review recorded in this prototype catalog,0,4
5,Modular Set 2,DrawObjSpikes,0x3e12,jump_table,indexed-only,,No semantic review recorded in this prototype catalog,1,2
5,Modular Set 2,GetSpikeIdx,0x3f0c,prologue,indexed-only,,No semantic review recorded in this prototype catalog,0,0
5,Modular Set 2,GetSpikeMobRoomRow,0x3f42,decoded,indexed-only,,No semantic review recorded in this prototype catalog,3,1
5,Modular Set 2,MobSpikes,0x3fa4,decoded,indexed-only,,No semantic review recorded in this prototype catalog,1,0
5,Modular Set 2,TriggerSpikes,0x40a0,decoded,indexed-only,,No semantic review recorded in this prototype catalog,1,2
5,Modular Set 2,AddKidDeathSong,0x4afc,jump_table,partial,pop2/rebirth.py;pop2/audio.py;tools/extract_audio.py,"extracted death-method mapping, level-1 songs and actual playback completion",1,2
5,Modular Set 2,AddKidScream,0x4b5a,jump_table,partial,pop2/terrain.py,ordinary rooftop Prince long fall and harbor room exclusions,2,1
5,Modular Set 2,AddSFX,0x4cde,jump_table,indexed-only,,No semantic review recorded in this prototype catalog,1,2
5,Modular Set 2,AddSong,0x4d58,jump_table,partial,pop2/audio.py,first pending song retained per update,43,1
5,Modular Set 2,AddSound,0x4d84,jump_table,partial,pop2/audio.py;tools/extract_audio.py,"extracted cue priorities, pending arbitration and ordinary actor footstep suppression",89,0
5,Modular Set 2,CheckSnd,0x4df8,decoded,indexed-only,,No semantic review recorded in this prototype catalog,1,0
5,Modular Set 2,InitAmbient,0x4e44,jump_table,indexed-only,,No semantic review recorded in this prototype catalog,1,1
5,Modular Set 2,LoadSounds,0x4e9c,jump_table,indexed-only,,No semantic review recorded in this prototype catalog,1,6
5,Modular Set 2,PlayAmbient,0x4f92,jump_table,partial,pop2/audio.py;tools/extract_audio.py,"level-1 bank, inclusive RoofA-D pool and advance-on-repeat; later combat transitions missing",2,7
5,Modular Set 2,PrinceReleaseSnd,0x5210,jump_table,indexed-only,,No semantic review recorded in this prototype catalog,1,1
5,Modular Set 2,PrinceResetSnd,0x5252,jump_table,indexed-only,,No semantic review recorded in this prototype catalog,18,1
5,Modular Set 2,PrinceSetSnd,0x5292,jump_table,indexed-only,,No semantic review recorded in this prototype catalog,3,1
5,Modular Set 2,PrinceSndOn,0x52c8,jump_table,indexed-only,,No semantic review recorded in this prototype catalog,39,1
5,Modular Set 2,SetCueSnd,0x530a,decoded,partial,pop2/audio.py,mode 0/1/2 interruption and priority gates,1,1
5,Modular Set 2,SpecialMusic,0x5388,decoded,indexed-only,,No semantic review recorded in this prototype catalog,1,0
5,Modular Set 2,TimeForNewAmbient,0x5478,decoded,indexed-only,,No semantic review recorded in this prototype catalog,1,8
5,Modular Set 2,UpdateAmbient,0x571c,jump_table,indexed-only,,No semantic review recorded in this prototype catalog,2,0
5,Modular Set 2,UnloadSounds,0x574e,jump_table,indexed-only,,No semantic review recorded in this prototype catalog,2,2
5,Modular Set 2,CheckScytheHit,0x588a,jump_table,indexed-only,,No semantic review recorded in this prototype catalog,2,11
5,Modular Set 2,ComputeBladeHitRect,0x5a1c,decoded,indexed-only,,No semantic review recorded in this prototype catalog,1,0
5,Modular Set 2,DrawScythe2,0x5c60,jump_table,indexed-only,,No semantic review recorded in this prototype catalog,0,6
5,Modular Set 2,GetScytheHitType,0x5e6c,decoded,indexed-only,,No semantic review recorded in this prototype catalog,1,0
5,Modular Set 2,RedrawScythe,0x5eae,prologue,indexed-only,,No semantic review recorded in this prototype catalog,0,3
5,Modular Set 2,ScytheBladeExtended,0x5fa0,jump_table,indexed-only,,No semantic review recorded in this prototype catalog,3,0
5,Modular Set 2,TriggerScythe,0x5fde,decoded,indexed-only,,No semantic review recorded in this prototype catalog,1,2
5,Modular Set 2,ConvertDirToRecDir,0x6194,jump_table,indexed-only,,No semantic review recorded in this prototype catalog,1,0
5,Modular Set 2,ConvertRecDirToDir,0x6232,decoded,indexed-only,,No semantic review recorded in this prototype catalog,2,0
5,Modular Set 2,IncRecordedGameToNextFrame,0x62a0,decoded,indexed-only,,No semantic review recorded in this prototype catalog,1,1
5,Modular Set 2,StartPlayingRecordedGame,0x638a,jump_table,indexed-only,,No semantic review recorded in this prototype catalog,1,5
6,Characters 1,JumpSeq,0x0006,jump_table,indexed-only,,No semantic review recorded in this prototype catalog,166,4
6,Characters 1,Falling,0x00a6,jump_table,partial,pop2/terrain.py,ordinary rooftop falls and grabs,1,14
6,Characters 1,HitFloor,0x0280,decoded,partial,pop2/terrain.py,ordinary speed thresholds and sequences,1,19
6,Characters 1,GenCtrl,0x0560,jump_table,partial,pop2/scene_prototype.py;pop2/terrain.py,"tested locomotion/sword/ledge branches; ordinary release 11/23, DoJumpHang/99 missing",2,23
6,Characters 1,StairClimbing,0x0e8e,jump_table,partial,pop2/scene_prototype.py,ordinary ledge entry and standing crouch fallback via 1068 only,4,20
6,Characters 1,DoStepFwd,0x1276,jump_table,partial,pop2/mac_input.py;pop2/terrain.py,ordinary clearance/caution; dynamic tiles missing,8,3
6,Characters 1,TryPickUp,0x1350,decoded,indexed-only,,No semantic review recorded in this prototype catalog,2,4
6,Characters 1,PickItUp,0x13d0,decoded,indexed-only,,No semantic review recorded in this prototype catalog,1,19
6,Characters 1,DoJumpUp,0x1600,jump_table,indexed-only,,No semantic review recorded in this prototype catalog,5,11
6,Characters 1,DoJumpBack,0x16d8,decoded,indexed-only,,No semantic review recorded in this prototype catalog,1,9
6,Characters 1,DoJumpHigh,0x1748,decoded,indexed-only,,No semantic review recorded in this prototype catalog,1,15
6,Characters 1,DoJumpHang,0x1b7e,jump_table,indexed-only,,No semantic review recorded in this prototype catalog,2,4
6,Characters 1,DoRunJump,0x1c14,jump_table,partial,pop2/terrain.py,ordinary two-cell takeoff alignment,7,8
6,Characters 1,DoRetreat,0x1d6e,decoded,indexed-only,,No semantic review recorded in this prototype catalog,3,2
6,Characters 1,DoAdvance,0x1dda,decoded,indexed-only,,No semantic review recorded in this prototype catalog,1,2
6,Characters 1,DoEngarde,0x1e78,jump_table,indexed-only,,No semantic review recorded in this prototype catalog,3,5
6,Characters 1,DoKidEngarde,0x1f04,decoded,indexed-only,,No semantic review recorded in this prototype catalog,1,15
6,Characters 1,OppToFight,0x2392,jump_table,indexed-only,,No semantic review recorded in this prototype catalog,4,3
6,Characters 1,OnAlert,0x24bc,decoded,indexed-only,,No semantic review recorded in this prototype catalog,5,8
6,Characters 1,DoStrike,0x2638,jump_table,indexed-only,,No semantic review recorded in this prototype catalog,3,15
6,Characters 1,CrushChar,0x28f0,jump_table,indexed-only,,No semantic review recorded in this prototype catalog,2,12
6,Characters 1,CrushOppInfo,0x29fa,jump_table,indexed-only,,No semantic review recorded in this prototype catalog,1,2
6,Characters 1,SetOppLifePts,0x2ae0,jump_table,indexed-only,,No semantic review recorded in this prototype catalog,3,1
6,Characters 1,SetOppMaxLifePts,0x2b44,decoded,indexed-only,,No semantic review recorded in this prototype catalog,2,0
6,Characters 1,CheckSideRoomsForVisibleOpps,0x2b7e,jump_table,indexed-only,,No semantic review recorded in this prototype catalog,1,25
6,Characters 1,UpdateOppInfo,0x30b0,jump_table,indexed-only,,No semantic review recorded in this prototype catalog,4,13
6,Characters 1,TransferOppInfo,0x3304,decoded,indexed-only,,No semantic review recorded in this prototype catalog,1,6
6,Characters 1,SetSpecialOppInfo,0x33bc,decoded,indexed-only,,No semantic review recorded in this prototype catalog,2,2
6,Characters 1,RemoveOppFromRoom,0x3462,jump_table,indexed-only,,No semantic review recorded in this prototype catalog,6,2
6,Characters 1,AddOppToRoom,0x358e,decoded,indexed-only,,No semantic review recorded in this prototype catalog,3,2
6,Characters 1,GetOppInfoIdx,0x3642,jump_table,indexed-only,,No semantic review recorded in this prototype catalog,36,0
6,Characters 1,GetOppIdxClosestToKid,0x36f2,jump_table,indexed-only,,No semantic review recorded in this prototype catalog,19,1
6,Characters 1,SetCharacterBank,0x3946,jump_table,indexed-only,,No semantic review recorded in this prototype catalog,1,4
6,Characters 1,CheckOppGenPts,0x3a0c,jump_table,partial,pop2/opponent_generation.py;pop2/combat.py,tested rooftop reinforcement branches,1,3
6,Characters 1,GenerateOpponent,0x3a84,decoded,indexed-only,,No semantic review recorded in this prototype catalog,1,8
6,Characters 1,GetOppGenPtOnRow,0x3d28,jump_table,indexed-only,,No semantic review recorded in this prototype catalog,3,2
6,Characters 1,IsActiveOppGenPt,0x3daa,decoded,indexed-only,,No semantic review recorded in this prototype catalog,1,0
6,Characters 1,IsTimeToGenOpp,0x3e0a,decoded,indexed-only,,No semantic review recorded in this prototype catalog,1,1
6,Characters 1,GetOppGenPtIdx,0x3fc8,decoded,indexed-only,,No semantic review recorded in this prototype catalog,2,0
6,Characters 1,IsOppGenPtWithTumbleOn,0x406e,jump_table,partial,pop2/opponent_generation.py;pop2/combat.py,current room packed-life 0x80 flag,1,1
6,Characters 1,PresetOppBanks,0x40f6,jump_table,indexed-only,,No semantic review recorded in this prototype catalog,2,0
6,Characters 1,CutOpponent,0x424c,jump_table,indexed-only,,No semantic review recorded in this prototype catalog,1,9
6,Characters 1,CutAllOpponents,0x4382,jump_table,indexed-only,,No semantic review recorded in this prototype catalog,2,15
6,Characters 1,IsCharInKidRoom,0x463c,decoded,indexed-only,,No semantic review recorded in this prototype catalog,1,1
6,Characters 1,Cut,0x472a,jump_table,indexed-only,,No semantic review recorded in this prototype catalog,3,4
6,Characters 1,CutChar,0x4918,decoded,partial,pop2/terrain.py,"horizontal cuts, downward priority and native room-15 right-cut veto; vertical gaps remain",1,10
6,Characters 1,NoWallInDirOfChar,0x4dac,decoded,indexed-only,,No semantic review recorded in this prototype catalog,4,3
6,Characters 1,AutoCtrl,0x4e90,jump_table,indexed-only,,No semantic review recorded in this prototype catalog,1,2
6,Characters 1,SetTensionLevel,0x5022,jump_table,indexed-only,,No semantic review recorded in this prototype catalog,5,0
6,Characters 1,CheckStab,0x5092,jump_table,partial,pop2/combat.py;pop2/terrain.py,"ordinary contact/damage, type-2 guard death method 14, player/NPC flat alignment, forced and generator-enabled tumbles",1,8
6,Characters 1,TestStrike,0x57b2,jump_table,indexed-only,,No semantic review recorded in this prototype catalog,1,24
6,Characters 1,GetCharStrikeRanges,0x5b38,jump_table,indexed-only,,No semantic review recorded in this prototype catalog,4,0
6,Characters 1,IsStrikingPos,0x5d60,jump_table,indexed-only,,No semantic review recorded in this prototype catalog,2,0
6,Characters 1,IsTheStrikePos,0x5e42,decoded,indexed-only,,No semantic review recorded in this prototype catalog,4,0
6,Characters 1,IsAdvancableId,0x5eca,jump_table,indexed-only,,No semantic review recorded in this prototype catalog,14,3
7,Ruins,AlignHeadOnKidNeck,0x0006,jump_table,indexed-only,,No semantic review recorded in this prototype catalog,1,2
7,Ruins,CharCanSeeOpp,0x00f8,decoded,indexed-only,,No semantic review recorded in this prototype catalog,3,13
7,Ruins,ChompAgain,0x0494,decoded,indexed-only,,No semantic review recorded in this prototype catalog,1,1
7,Ruins,HeadAddOpponent,0x0574,jump_table,indexed-only,,No semantic review recorded in this prototype catalog,1,2
7,Ruins,HeadAttackProg,0x064c,decoded,indexed-only,,No semantic review recorded in this prototype catalog,1,17
7,Ruins,HeadClearInDir,0x08fa,jump_table,indexed-only,,No semantic review recorded in this prototype catalog,1,26
7,Ruins,HeadDoneAttackingKid,0x0b16,decoded,indexed-only,,No semantic review recorded in this prototype catalog,2,3
7,Ruins,HeadEnemyCollide,0x0b6e,jump_table,indexed-only,,No semantic review recorded in this prototype catalog,1,5
7,Ruins,HeadFleeProg,0x0c5e,decoded,indexed-only,,No semantic review recorded in this prototype catalog,2,16
7,Ruins,HeadFocusOnNeck,0x0e8c,decoded,indexed-only,,No semantic review recorded in this prototype catalog,1,8
7,Ruins,HeadGetAngry,0x0f88,decoded,indexed-only,,No semantic review recorded in this prototype catalog,4,7
7,Ruins,HeadGetPeaceful,0x1012,decoded,indexed-only,,No semantic review recorded in this prototype catalog,3,5
7,Ruins,HeadGoToDest,0x107a,decoded,indexed-only,,No semantic review recorded in this prototype catalog,1,5
7,Ruins,HeadLockedProg,0x1164,decoded,indexed-only,,No semantic review recorded in this prototype catalog,1,6
7,Ruins,IsAbleToFleeInRoom,0x1454,jump_table,indexed-only,,No semantic review recorded in this prototype catalog,2,10
7,Ruins,IsHeadLockedOn,0x16b8,jump_table,indexed-only,,No semantic review recorded in this prototype catalog,1,1
7,Ruins,XWithinMiddleOfCell,0x170a,decoded,indexed-only,,No semantic review recorded in this prototype catalog,2,1
7,Ruins,YWithinMiddleOfCell,0x17c8,decoded,indexed-only,,No semantic review recorded in this prototype catalog,2,1
7,Ruins,SnakeComeOutOfHole,0x1824,jump_table,indexed-only,,No semantic review recorded in this prototype catalog,0,25
7,Ruins,SnakeGoIntoHole,0x1b52,decoded,indexed-only,,No semantic review recorded in this prototype catalog,1,20
7,Ruins,SnakeUpdateOppInfo,0x1e04,jump_table,indexed-only,,No semantic review recorded in this prototype catalog,1,4
7,Ruins,DrawRuinBackWall,0x1ec6,decoded,indexed-only,,No semantic review recorded in this prototype catalog,15,8
7,Ruins,DrawRuinCrevice,0x2344,jump_table,indexed-only,,No semantic review recorded in this prototype catalog,0,9
7,Ruins,DrawRuinExitMovable,0x25b4,jump_table,indexed-only,,No semantic review recorded in this prototype catalog,0,17
7,Ruins,DrawRuinGateMovable,0x2ac2,jump_table,indexed-only,,No semantic review recorded in this prototype catalog,1,3
7,Ruins,DrawRuinDownPlate,0x2e12,jump_table,indexed-only,,No semantic review recorded in this prototype catalog,1,3
7,Ruins,DrawRuinPosts,0x301e,jump_table,indexed-only,,No semantic review recorded in this prototype catalog,0,9
7,Ruins,DrawRuinRubble,0x312a,jump_table,indexed-only,,No semantic review recorded in this prototype catalog,0,9
7,Ruins,RuinChangeCrevices,0x3328,jump_table,indexed-only,,No semantic review recorded in this prototype catalog,0,5
7,Ruins,RuinSetCreviceRevealed,0x3404,jump_table,indexed-only,,No semantic review recorded in this prototype catalog,2,7
8,Caverns,BridgeCheckBreak,0x0004,decoded,indexed-only,,No semantic review recorded in this prototype catalog,1,9
8,Caverns,BridgeGetCharCol,0x0188,decoded,indexed-only,,No semantic review recorded in this prototype catalog,4,0
8,Caverns,IsBrgGateOpen,0x033c,jump_table,indexed-only,,No semantic review recorded in this prototype catalog,1,12
8,Caverns,MarkBrgFloorsForChars,0x050e,jump_table,indexed-only,,No semantic review recorded in this prototype catalog,0,6
8,Caverns,MarkBridgeForCol,0x05cc,decoded,indexed-only,,No semantic review recorded in this prototype catalog,2,0
8,Caverns,OffsetBrgFloorY,0x0772,jump_table,indexed-only,,No semantic review recorded in this prototype catalog,0,3
8,Caverns,RestoreBrgFloorY,0x081e,decoded,indexed-only,,No semantic review recorded in this prototype catalog,2,0
8,Caverns,RedrawBrgFloor,0x0878,decoded,indexed-only,,No semantic review recorded in this prototype catalog,2,4
8,Caverns,TriggerBrgFloor,0x091c,jump_table,indexed-only,,No semantic review recorded in this prototype catalog,1,2
8,Caverns,ATMBrgFloor,0x0976,jump_table,indexed-only,,No semantic review recorded in this prototype catalog,0,7
8,Caverns,DrawObjBrgFloor,0x0b44,jump_table,indexed-only,,No semantic review recorded in this prototype catalog,1,1
8,Caverns,TriggerBrgFloorMob,0x0ba2,jump_table,indexed-only,,No semantic review recorded in this prototype catalog,0,3
8,Caverns,CheckCarpetImg,0x0d5c,jump_table,indexed-only,,No semantic review recorded in this prototype catalog,0,4
8,Caverns,ComputeBloodRGB,0x0df6,decoded,indexed-only,,No semantic review recorded in this prototype catalog,6,2
8,Caverns,DrawCarpet,0x0e48,jump_table,indexed-only,,No semantic review recorded in this prototype catalog,0,2
8,Caverns,SaveUnderCarpet,0x0f0e,jump_table,indexed-only,,No semantic review recorded in this prototype catalog,1,2
8,Caverns,DrawObjCarpet,0x0f8c,jump_table,indexed-only,,No semantic review recorded in this prototype catalog,1,13
8,Caverns,GetCarpetShape,0x1240,jump_table,indexed-only,,No semantic review recorded in this prototype catalog,7,1
8,Caverns,SetupCarpet,0x12b6,jump_table,indexed-only,,No semantic review recorded in this prototype catalog,1,7
8,Caverns,Sitting,0x13a8,jump_table,indexed-only,,No semantic review recorded in this prototype catalog,1,9
8,Caverns,IsCaveBarsOpen,0x1508,jump_table,indexed-only,,No semantic review recorded in this prototype catalog,0,5
8,Caverns,DrawCaveBars,0x15c0,jump_table,indexed-only,,No semantic review recorded in this prototype catalog,0,1
8,Caverns,RedrawCaveBars,0x1632,decoded,indexed-only,,No semantic review recorded in this prototype catalog,2,2
8,Caverns,TriggerCaveBars,0x1672,jump_table,indexed-only,,No semantic review recorded in this prototype catalog,1,0
8,Caverns,DrawCaveBackWall,0x16ee,decoded,indexed-only,,No semantic review recorded in this prototype catalog,10,3
8,Caverns,DrawCaveDart,0x1aba,jump_table,indexed-only,,No semantic review recorded in this prototype catalog,0,3
8,Caverns,DrawCaveExitMovable,0x1ba4,jump_table,indexed-only,,No semantic review recorded in this prototype catalog,0,12
8,Caverns,DrawCaveFloor,0x1da8,jump_table,indexed-only,,No semantic review recorded in this prototype catalog,12,4
8,Caverns,DrawCaveGateMovable,0x1f40,jump_table,indexed-only,,No semantic review recorded in this prototype catalog,2,8
8,Caverns,DrawCaveLavaBubbles,0x219e,jump_table,indexed-only,,No semantic review recorded in this prototype catalog,0,17
8,Caverns,DrawCaveLoose,0x24d4,jump_table,indexed-only,,No semantic review recorded in this prototype catalog,1,5
8,Caverns,DrawCavePillarTop,0x2702,jump_table,indexed-only,,No semantic review recorded in this prototype catalog,0,5
8,Caverns,DrawCaveTorch,0x2ae8,jump_table,indexed-only,,No semantic review recorded in this prototype catalog,1,4
8,Caverns,DrawObjCaveLoose,0x2bb4,jump_table,indexed-only,,No semantic review recorded in this prototype catalog,1,2
8,Caverns,TriggerGateWithRevPlate,0x2c38,jump_table,indexed-only,,No semantic review recorded in this prototype catalog,2,3
8,Caverns,CheckDartHit,0x2e82,jump_table,indexed-only,,No semantic review recorded in this prototype catalog,2,3
8,Caverns,MobDart,0x2f98,jump_table,indexed-only,,No semantic review recorded in this prototype catalog,0,8
8,Caverns,AnimLava,0x31fe,jump_table,indexed-only,,No semantic review recorded in this prototype catalog,0,7
8,Caverns,CheckLavaBoil,0x33fc,jump_table,indexed-only,,No semantic review recorded in this prototype catalog,2,3
8,Caverns,GetLavaInfoHnd,0x34a6,jump_table,indexed-only,,No semantic review recorded in this prototype catalog,2,13
8,Caverns,GetLavaCharSeqIdx,0x3648,decoded,indexed-only,,No semantic review recorded in this prototype catalog,2,0
8,Caverns,GetLavaTrob,0x368a,decoded,indexed-only,,No semantic review recorded in this prototype catalog,2,3
8,Caverns,RedrawLava,0x36e4,jump_table,indexed-only,,No semantic review recorded in this prototype catalog,1,2
8,Caverns,ResetLavaInfo,0x37c2,decoded,indexed-only,,No semantic review recorded in this prototype catalog,2,2
8,Caverns,TriggerLava,0x3844,jump_table,indexed-only,,No semantic review recorded in this prototype catalog,1,5
8,Caverns,TriggerLavaBubble,0x38e4,decoded,indexed-only,,No semantic review recorded in this prototype catalog,2,0
8,Caverns,CaveClearFlawFromPieceBelow,0x39b8,jump_table,indexed-only,,No semantic review recorded in this prototype catalog,0,0
8,Caverns,CaveMoveSquishingGate,0x3a58,jump_table,indexed-only,,No semantic review recorded in this prototype catalog,0,5
8,Caverns,CaveGetTorchFrame,0x3b4e,jump_table,indexed-only,,No semantic review recorded in this prototype catalog,0,1
9,Final Battle,FinlCheckDeadOpp,0x00e2,jump_table,indexed-only,,No semantic review recorded in this prototype catalog,1,8
9,Final Battle,FinlCheckGenOpp,0x0202,decoded,indexed-only,,No semantic review recorded in this prototype catalog,1,3
9,Final Battle,FinlGenerateOpp,0x02a6,jump_table,indexed-only,,No semantic review recorded in this prototype catalog,1,15
9,Final Battle,FinlWatchOpps,0x0654,jump_table,indexed-only,,No semantic review recorded in this prototype catalog,0,23
9,Final Battle,AllOtherJaffarsShimmerAway,0x090e,jump_table,indexed-only,,No semantic review recorded in this prototype catalog,1,3
9,Final Battle,JaffarSetToNextPos,0x09ca,decoded,indexed-only,,No semantic review recorded in this prototype catalog,3,19
9,Final Battle,JaffarSetToPrevPos,0x0cec,decoded,indexed-only,,No semantic review recorded in this prototype catalog,2,0
9,Final Battle,JaffarGoToPos,0x0d28,decoded,indexed-only,,No semantic review recorded in this prototype catalog,2,5
9,Final Battle,JaffarHoneInOnExactPos,0x0dac,decoded,indexed-only,,No semantic review recorded in this prototype catalog,8,4
9,Final Battle,JaffarGoToPos0,0x0ed2,decoded,indexed-only,,No semantic review recorded in this prototype catalog,1,10
9,Final Battle,JaffarGoToPos1,0x107c,decoded,indexed-only,,No semantic review recorded in this prototype catalog,1,7
9,Final Battle,JaffarGoToPos2,0x11fe,decoded,indexed-only,,No semantic review recorded in this prototype catalog,1,8
9,Final Battle,JaffarGoToPos3,0x136e,decoded,indexed-only,,No semantic review recorded in this prototype catalog,1,9
9,Final Battle,JaffarUpdateOppInfo,0x185a,jump_table,indexed-only,,No semantic review recorded in this prototype catalog,1,4
9,Final Battle,ShadowInRange,0x1954,decoded,indexed-only,,No semantic review recorded in this prototype catalog,3,0
9,Final Battle,AnimFinlSpider,0x1bf0,jump_table,indexed-only,,No semantic review recorded in this prototype catalog,0,4
9,Final Battle,DrawFinlSpider,0x1cba,jump_table,indexed-only,,No semantic review recorded in this prototype catalog,0,2
9,Final Battle,AnimFinlCrystal,0x1e30,jump_table,indexed-only,,No semantic review recorded in this prototype catalog,0,3
9,Final Battle,DrawFinlCrystal,0x1f5e,jump_table,indexed-only,,No semantic review recorded in this prototype catalog,1,1
9,Final Battle,TriggerFinlCrystal,0x2068,jump_table,indexed-only,,No semantic review recorded in this prototype catalog,1,2
9,Final Battle,AnimFinlGargoyle,0x20dc,jump_table,indexed-only,,No semantic review recorded in this prototype catalog,0,3
9,Final Battle,DrawFinlGargoyle,0x2238,jump_table,indexed-only,,No semantic review recorded in this prototype catalog,1,1
9,Final Battle,TriggerFinlGargoyle,0x233a,jump_table,indexed-only,,No semantic review recorded in this prototype catalog,1,2
9,Final Battle,ATMFireball,0x23a8,jump_table,indexed-only,,No semantic review recorded in this prototype catalog,0,6
9,Final Battle,DrawObjFireball,0x26be,jump_table,indexed-only,,No semantic review recorded in this prototype catalog,1,2
9,Final Battle,GetFireballImg,0x275c,decoded,indexed-only,,No semantic review recorded in this prototype catalog,2,0
10,Temple,DrawTempBackWall,0x0004,decoded,indexed-only,,No semantic review recorded in this prototype catalog,13,9
10,Temple,DrawTempExit1,0x050c,jump_table,indexed-only,,No semantic review recorded in this prototype catalog,0,2
10,Temple,DrawTempExitMovable,0x0562,jump_table,indexed-only,,No semantic review recorded in this prototype catalog,0,15
10,Temple,DrawTempGateMovable,0x0976,jump_table,indexed-only,,No semantic review recorded in this prototype catalog,1,2
10,Temple,DrawTempDownPlate,0x0c76,jump_table,indexed-only,,No semantic review recorded in this prototype catalog,0,3
10,Temple,DrawTempUpPlate,0x0da8,jump_table,indexed-only,,No semantic review recorded in this prototype catalog,0,3
10,Temple,DrawTempPosts,0x0ed8,jump_table,indexed-only,,No semantic review recorded in this prototype catalog,0,5
10,Temple,DrawTempTorch,0x10ea,jump_table,indexed-only,,No semantic review recorded in this prototype catalog,1,10
10,Temple,TempGetTorchFrame,0x12b6,jump_table,indexed-only,,No semantic review recorded in this prototype catalog,0,1
10,Temple,TempVisibleTorch,0x12fa,jump_table,indexed-only,,No semantic review recorded in this prototype catalog,1,3
10,Temple,ATMSlideRock,0x1456,jump_table,indexed-only,,No semantic review recorded in this prototype catalog,0,11
10,Temple,ComputeSlideRockRect,0x1682,jump_table,indexed-only,,No semantic review recorded in this prototype catalog,3,1
10,Temple,CheckSlideRockCrush,0x16f6,jump_table,indexed-only,,No semantic review recorded in this prototype catalog,0,2
10,Temple,DrawObjSlideRock,0x1788,jump_table,indexed-only,,No semantic review recorded in this prototype catalog,1,1
10,Temple,GetSlideRockBarrDist,0x180e,jump_table,indexed-only,,No semantic review recorded in this prototype catalog,6,4
10,Temple,GetSlideRockDetData,0x190c,jump_table,indexed-only,,No semantic review recorded in this prototype catalog,6,5
10,Temple,GetSlideRockOnRoomRow,0x1a9e,jump_table,indexed-only,,No semantic review recorded in this prototype catalog,6,1
10,Temple,IsAllFloorsInDirToRock,0x1b04,decoded,indexed-only,,No semantic review recorded in this prototype catalog,1,15
10,Temple,SlideRockNearSpikes,0x1fa8,jump_table,indexed-only,,No semantic review recorded in this prototype catalog,1,4
10,Temple,SlideRockInCell,0x2036,jump_table,indexed-only,,No semantic review recorded in this prototype catalog,5,2
10,Temple,TempGetSlideRockX,0x20fe,jump_table,indexed-only,,No semantic review recorded in this prototype catalog,1,2
10,Temple,TriggerSlideRock,0x2152,jump_table,indexed-only,,No semantic review recorded in this prototype catalog,1,3
10,Temple,ATMTrapDoor,0x225c,jump_table,indexed-only,,No semantic review recorded in this prototype catalog,0,11
10,Temple,TriggerTrapDoor,0x25aa,jump_table,indexed-only,,No semantic review recorded in this prototype catalog,2,4
10,Temple,DrawObjTrapDoor,0x26ea,jump_table,indexed-only,,No semantic review recorded in this prototype catalog,1,3
10,Temple,IsAltarShadowActive,0x2c62,jump_table,indexed-only,,No semantic review recorded in this prototype catalog,1,0
10,Temple,DrawTempSacredFlame,0x2d5a,jump_table,indexed-only,,No semantic review recorded in this prototype catalog,0,2
10,Temple,GetFlameImgHnd,0x2e10,jump_table,indexed-only,,No semantic review recorded in this prototype catalog,2,0
10,Temple,GetFlameImgSize,0x2e68,jump_table,indexed-only,,No semantic review recorded in this prototype catalog,4,1
10,Temple,MakeFlameFCharClipRect,0x2f1e,jump_table,indexed-only,,No semantic review recorded in this prototype catalog,3,1
10,Temple,SetupFlame,0x2fbe,jump_table,indexed-only,,No semantic review recorded in this prototype catalog,2,5
11,Mohawk Libs 2,advance__7midiObj,0x0754,jump_table,indexed-only,,No semantic review recorded in this prototype catalog,7,1
11,Mohawk Libs 2,calcTempo__7midiObj,0x08e0,jump_table,indexed-only,,No semantic review recorded in this prototype catalog,2,0
11,Mohawk Libs 2,calcTime2Next__7midiObj,0x09e8,jump_table,indexed-only,,No semantic review recorded in this prototype catalog,4,1
11,Mohawk Libs 2,getVLQ__7midiObj,0x0adc,jump_table,indexed-only,,No semantic review recorded in this prototype catalog,5,0
11,Mohawk Libs 2,timerProc__7midiObj,0x0b52,jump_table,indexed-only,,No semantic review recorded in this prototype catalog,0,3
11,Mohawk Libs 2,trackAdvance__7midiObj,0x0c16,decoded,indexed-only,,No semantic review recorded in this prototype catalog,1,13
11,Mohawk Libs 2,deviceCallback__7waveObj,0x5500,jump_table,indexed-only,,No semantic review recorded in this prototype catalog,0,1
11,Mohawk Libs 2,configFindFile,0x5648,decoded,indexed-only,,No semantic review recorded in this prototype catalog,1,38
11,Mohawk Libs 2,configFindLineStart,0x5a76,prologue,indexed-only,,No semantic review recorded in this prototype catalog,2,0
11,Mohawk Libs 2,configFindNextLine,0x5ae8,decoded,indexed-only,,No semantic review recorded in this prototype catalog,9,1
11,Mohawk Libs 2,configFreeFile,0x5b5e,decoded,indexed-only,,No semantic review recorded in this prototype catalog,2,7
11,Mohawk Libs 2,configGotoNextName,0x5c06,decoded,indexed-only,,No semantic review recorded in this prototype catalog,3,4
11,Mohawk Libs 2,configGotoNextType,0x5cf6,decoded,indexed-only,,No semantic review recorded in this prototype catalog,2,3
11,Mohawk Libs 2,configGotoText,0x5dbc,decoded,indexed-only,,No semantic review recorded in this prototype catalog,3,8
11,Mohawk Libs 2,configGotoType,0x5ecc,decoded,indexed-only,,No semantic review recorded in this prototype catalog,4,3
11,Mohawk Libs 2,configInit,0x5f5c,jump_table,indexed-only,,No semantic review recorded in this prototype catalog,1,7
11,Mohawk Libs 2,configQueryInit,0x6022,jump_table,indexed-only,,No semantic review recorded in this prototype catalog,3,1
11,Mohawk Libs 2,configQuit,0x6072,jump_table,indexed-only,,No semantic review recorded in this prototype catalog,0,3
11,Mohawk Libs 2,configScanWhitespace,0x60da,decoded,indexed-only,,No semantic review recorded in this prototype catalog,3,0
11,Mohawk Libs 2,configGetError,0x614e,prologue,indexed-only,,No semantic review recorded in this prototype catalog,0,0
11,Mohawk Libs 2,configRead,0x6170,jump_table,indexed-only,,No semantic review recorded in this prototype catalog,7,23
11,Mohawk Libs 2,configWrite,0x64f2,prologue,indexed-only,,No semantic review recorded in this prototype catalog,0,25
11,Mohawk Libs 2,configWriteText__DUsUsUsUse,0x6760,prologue,indexed-only,,No semantic review recorded in this prototype catalog,5,25
15,NISs,NIS,0x0004,jump_table,indexed-only,,No semantic review recorded in this prototype catalog,3,14
15,NISs,NISTextDraw,0x0170,decoded,indexed-only,,No semantic review recorded in this prototype catalog,50,25
15,NISs,FlipHorses,0x042a,decoded,indexed-only,,No semantic review recorded in this prototype catalog,5,1
15,NISs,FlipKids,0x047a,decoded,indexed-only,,No semantic review recorded in this prototype catalog,2,1
15,NISs,TreeFunc,0x04d0,jump_table,indexed-only,,No semantic review recorded in this prototype catalog,0,6
15,NISs,TreeCheck,0x0568,prologue,indexed-only,,No semantic review recorded in this prototype catalog,0,32
15,NISs,Transition,0x07c8,prologue,indexed-only,,No semantic review recorded in this prototype catalog,0,5
15,NISs,TransPrincessRoom,0x0880,prologue,indexed-only,,No semantic review recorded in this prototype catalog,0,17
15,NISs,TransFuncSetCTABframe1,0x09c0,jump_table,indexed-only,,No semantic review recorded in this prototype catalog,0,1
15,NISs,TransFuncJaffarMagic,0x09fa,jump_table,indexed-only,,No semantic review recorded in this prototype catalog,0,7
15,NISs,ClearNIS,0x0b32,prologue,indexed-only,,No semantic review recorded in this prototype catalog,49,3
15,NISs,AddShpNIS,0x0b86,prologue,indexed-only,,No semantic review recorded in this prototype catalog,0,3
15,NISs,DissolveNIS,0x0bce,prologue,indexed-only,,No semantic review recorded in this prototype catalog,20,1
15,NISs,NISDialog,0x0bf4,decoded,indexed-only,,No semantic review recorded in this prototype catalog,36,3
15,NISs,DrawSHAPfromID,0x0c36,jump_table,indexed-only,,No semantic review recorded in this prototype catalog,5,3
15,NISs,AboardShip,0x0cf2,prologue,indexed-only,,No semantic review recorded in this prototype catalog,0,137
15,NISs,NISCarpet,0x1630,prologue,indexed-only,,No semantic review recorded in this prototype catalog,0,48
15,NISs,TransFunc1,0x19c2,jump_table,indexed-only,,No semantic review recorded in this prototype catalog,0,3
15,NISs,TransFunc3,0x1a44,jump_table,indexed-only,,No semantic review recorded in this prototype catalog,0,1
15,NISs,Discovery,0x1a76,prologue,indexed-only,,No semantic review recorded in this prototype catalog,0,143
15,NISs,SetNISCTAB,0x24a0,decoded,indexed-only,,No semantic review recorded in this prototype catalog,43,14
15,NISs,GetSetFadeCTAB,0x26fc,decoded,indexed-only,,No semantic review recorded in this prototype catalog,66,13
15,NISs,FadeInBothCTBLs,0x29a0,decoded,indexed-only,,No semantic review recorded in this prototype catalog,15,2
15,NISs,FadeBothCTBLs,0x2a3e,prologue,indexed-only,,No semantic review recorded in this prototype catalog,10,2
15,NISs,FadeIndex,0x2a90,prologue,indexed-only,,No semantic review recorded in this prototype catalog,1,9
15,NISs,PlaySoundWait,0x2b3c,prologue,indexed-only,,No semantic review recorded in this prototype catalog,0,2
15,NISs,WaitCurrentSound,0x2b70,prologue,indexed-only,,No semantic review recorded in this prototype catalog,21,5
15,NISs,DoDissolve,0x2bda,jump_table,indexed-only,,No semantic review recorded in this prototype catalog,2,3
15,NISs,InitDissolve,0x2c40,jump_table,indexed-only,,No semantic review recorded in this prototype catalog,4,6
15,NISs,MakeDisolveData,0x2d60,jump_table,indexed-only,,No semantic review recorded in this prototype catalog,4,9
15,NISs,DrawDisolveData,0x303c,decoded,indexed-only,,No semantic review recorded in this prototype catalog,1,0
15,NISs,RandBig,0x328e,decoded,indexed-only,,No semantic review recorded in this prototype catalog,1,2
15,NISs,CopyNIS,0x32f4,prologue,indexed-only,,No semantic review recorded in this prototype catalog,57,1
15,NISs,AddNIS,0x331e,decoded,indexed-only,,No semantic review recorded in this prototype catalog,125,4
15,NISs,DrawSkyForNIS,0x3384,prologue,indexed-only,,No semantic review recorded in this prototype catalog,2,3
15,NISs,BlendCtabs,0x33f4,decoded,indexed-only,,No semantic review recorded in this prototype catalog,2,10
15,NISs,UnPackAndMapSHAP,0x3598,jump_table,indexed-only,,No semantic review recorded in this prototype catalog,1,3
15,NISs,LoadSaveDisRes,0x3878,decoded,indexed-only,,No semantic review recorded in this prototype catalog,2,3
15,NISs,DissolveTime,0x396c,decoded,indexed-only,,No semantic review recorded in this prototype catalog,3,5
15,NISs,DisolveDelay,0x3b9a,prologue,indexed-only,,No semantic review recorded in this prototype catalog,0,1
15,NISs,SetDisolveDelays,0x3bfa,decoded,indexed-only,,No semantic review recorded in this prototype catalog,3,3
15,NISs,HappyEnding,0x3c76,prologue,indexed-only,,No semantic review recorded in this prototype catalog,0,60
15,NISs,HappyFunc,0x411a,jump_table,indexed-only,,No semantic review recorded in this prototype catalog,0,25
15,NISs,HappyDialog,0x44b0,decoded,indexed-only,,No semantic review recorded in this prototype catalog,2,1
15,NISs,JaffarBurnBabyBurn,0x44e2,prologue,indexed-only,,No semantic review recorded in this prototype catalog,1,9
15,NISs,Opening1,0x45c2,prologue,indexed-only,,No semantic review recorded in this prototype catalog,0,132
15,NISs,Opening2,0x4ee8,prologue,indexed-only,,No semantic review recorded in this prototype catalog,0,232
15,NISs,NISTemple,0x5fd4,prologue,indexed-only,,No semantic review recorded in this prototype catalog,0,62
15,NISs,TransFunc4,0x640a,jump_table,indexed-only,,No semantic review recorded in this prototype catalog,0,9
15,NISs,TransFunc5,0x64ee,jump_table,indexed-only,,No semantic review recorded in this prototype catalog,0,3
15,NISs,TransFunc6,0x656a,jump_table,indexed-only,,No semantic review recorded in this prototype catalog,0,2
15,NISs,TransFunc7,0x65ac,jump_table,indexed-only,,No semantic review recorded in this prototype catalog,0,1
15,NISs,TransFunc8,0x65d4,jump_table,indexed-only,,No semantic review recorded in this prototype catalog,0,9
15,NISs,FlipKid,0x66bc,decoded,indexed-only,,No semantic review recorded in this prototype catalog,1,1
15,NISs,NISThroneRoom,0x66f4,prologue,indexed-only,,No semantic review recorded in this prototype catalog,0,85
15,NISs,DrawDeadKid,0x6c66,prologue,indexed-only,,No semantic review recorded in this prototype catalog,2,6
15,NISs,QueenAddNIS,0x6d46,prologue,indexed-only,,No semantic review recorded in this prototype catalog,1,21
15,NISs,NISTitle,0x6f1a,prologue,indexed-only,,No semantic review recorded in this prototype catalog,0,11
15,NISs,TitleFunc,0x6fec,jump_table,indexed-only,,No semantic review recorded in this prototype catalog,0,5
15,NISs,NISTower,,unknown,indexed-only,,No semantic review recorded in this prototype catalog,0,0
15,NISs,TransFunc9,0x755a,jump_table,indexed-only,,No semantic review recorded in this prototype catalog,0,2
15,NISs,TransFunc10,0x759e,jump_table,indexed-only,,No semantic review recorded in this prototype catalog,0,1
15,NISs,TransFunc11,0x75e2,jump_table,indexed-only,,No semantic review recorded in this prototype catalog,0,3
16,Anim & Audio,InitLayer__FP15tAnimationLayer,0x0004,decoded,indexed-only,,No semantic review recorded in this prototype catalog,1,0
16,Anim & Audio,__ct__10tAnimationFv,0x0060,decoded,indexed-only,,No semantic review recorded in this prototype catalog,1,0
16,Anim & Audio,__sd__10tAnimationFUi,0x00d6,jump_table,indexed-only,,No semantic review recorded in this prototype catalog,0,2
16,Anim & Audio,__dt__10tAnimationFv,0x011e,decoded,indexed-only,,No semantic review recorded in this prototype catalog,2,1
16,Anim & Audio,create__10tAnimationFii,0x0154,jump_table,indexed-only,,No semantic review recorded in this prototype catalog,1,0
16,Anim & Audio,draw__10tAnimationFv,0x01f8,jump_table,indexed-only,,No semantic review recorded in this prototype catalog,0,2
16,Anim & Audio,free__10tAnimationFv,0x030e,jump_table,indexed-only,,No semantic review recorded in this prototype catalog,1,0
16,Anim & Audio,maintain__10tAnimationFUl,0x0366,jump_table,indexed-only,,No semantic review recorded in this prototype catalog,1,0
16,Anim & Audio,seekFrame__10tAnimationFi,0x0498,jump_table,indexed-only,,No semantic review recorded in this prototype catalog,0,1
16,Anim & Audio,setPos__10tAnimationFii,0x0538,jump_table,indexed-only,,No semantic review recorded in this prototype catalog,0,0
16,Anim & Audio,startAnim__10tAnimationFv,0x0586,jump_table,indexed-only,,No semantic review recorded in this prototype catalog,0,0
16,Anim & Audio,stop__10tAnimationFv,0x05c4,jump_table,indexed-only,,No semantic review recorded in this prototype catalog,0,0
16,Anim & Audio,testPixel__10tAnimationFii,0x05f0,jump_table,indexed-only,,No semantic review recorded in this prototype catalog,0,1
16,Anim & Audio,getBounds__10tAnimationFv,0x0716,jump_table,indexed-only,,No semantic review recorded in this prototype catalog,0,0
16,Anim & Audio,getFrame__10tAnimationFv,0x075c,jump_table,indexed-only,,No semantic review recorded in this prototype catalog,0,0
16,Anim & Audio,isRunning__10tAnimationFv,0x078a,jump_table,indexed-only,,No semantic review recorded in this prototype catalog,0,0
16,Anim & Audio,neglect__10tAnimationFv,0x07ba,jump_table,indexed-only,,No semantic review recorded in this prototype catalog,0,0
16,Anim & Audio,prepare__10tAnimationFv,0x07e2,jump_table,indexed-only,,No semantic review recorded in this prototype catalog,0,0
16,Anim & Audio,notifyApp__10tAnimationFP23tAnimationScriptCommand,0x080a,jump_table,indexed-only,,No semantic review recorded in this prototype catalog,0,0
16,Anim & Audio,shapeDraw__10tAnimationFiiii,0x084a,jump_table,indexed-only,,No semantic review recorded in this prototype catalog,0,0
16,Anim & Audio,shapeTestPixel__10tAnimationFiiii,0x0878,jump_table,indexed-only,,No semantic review recorded in this prototype catalog,0,0
16,Anim & Audio,soundControl__10tAnimationFP23tAnimationScriptCommand,0x08aa,jump_table,indexed-only,,No semantic review recorded in this prototype catalog,0,0
16,Anim & Audio,runScript__10tAnimationFiUs,0x08ee,jump_table,indexed-only,,No semantic review recorded in this prototype catalog,0,0
16,Anim & Audio,__ct__11KBAnimationFv,0x0b00,decoded,indexed-only,,No semantic review recorded in this prototype catalog,1,1
16,Anim & Audio,__sd__11KBAnimationFUi,0x0b38,jump_table,indexed-only,,No semantic review recorded in this prototype catalog,0,2
16,Anim & Audio,maintain__11KBAnimationFUl,0x0b80,jump_table,indexed-only,,No semantic review recorded in this prototype catalog,0,1
16,Anim & Audio,create__11KBAnimationFii,0x0bb4,jump_table,indexed-only,,No semantic review recorded in this prototype catalog,0,1
16,Anim & Audio,__dt__11KBAnimationFv,0x0c22,decoded,indexed-only,,No semantic review recorded in this prototype catalog,0,1
16,Anim & Audio,neglect__11KBAnimationFv,0x0c5c,jump_table,indexed-only,,No semantic review recorded in this prototype catalog,0,0
16,Anim & Audio,prepare__11KBAnimationFv,0x0c84,jump_table,indexed-only,,No semantic review recorded in this prototype catalog,0,11
16,Anim & Audio,soundControl__11KBAnimationFP23tAnimationScriptCommand,0x0f34,jump_table,indexed-only,,No semantic review recorded in this prototype catalog,0,1
16,Anim & Audio,shapeDraw__11KBAnimationFiiii,0x0f96,jump_table,indexed-only,,No semantic review recorded in this prototype catalog,0,1
16,Anim & Audio,PlayTheAnimation,0x100c,jump_table,indexed-only,,No semantic review recorded in this prototype catalog,17,29
16,Anim & Audio,CombineBounds__Fv,0x15b6,decoded,indexed-only,,No semantic review recorded in this prototype catalog,1,2
16,Anim & Audio,RectArea__FP4Rect,0x16ea,prologue,indexed-only,,No semantic review recorded in this prototype catalog,0,1
16,Anim & Audio,MohawkInit,0x1738,jump_table,indexed-only,,No semantic review recorded in this prototype catalog,1,30
16,Anim & Audio,OpenMohawkRsrcVerify,0x1928,jump_table,indexed-only,,No semantic review recorded in this prototype catalog,3,7
16,Anim & Audio,CloseMohawkRsrc,0x19fa,jump_table,indexed-only,,No semantic review recorded in this prototype catalog,3,1
16,Anim & Audio,SwitchOut,0x1a3a,jump_table,indexed-only,,No semantic review recorded in this prototype catalog,0,7
16,Anim & Audio,SwitchIn,0x1a96,jump_table,indexed-only,,No semantic review recorded in this prototype catalog,0,6
16,Anim & Audio,CreateSound,0x1ae2,jump_table,indexed-only,,No semantic review recorded in this prototype catalog,77,11
16,Anim & Audio,DestroyAudioRef,0x1c86,decoded,indexed-only,,No semantic review recorded in this prototype catalog,1,3
16,Anim & Audio,DestroySoundId,0x1d06,prologue,indexed-only,,No semantic review recorded in this prototype catalog,0,2
16,Anim & Audio,DestroySoundItem,0x1d44,decoded,indexed-only,,No semantic review recorded in this prototype catalog,4,8
16,Anim & Audio,GetSndItemForId,0x1ea0,jump_table,indexed-only,,No semantic review recorded in this prototype catalog,7,0
16,Anim & Audio,GetSndItemType,0x1f16,prologue,indexed-only,,No semantic review recorded in this prototype catalog,0,0
16,Anim & Audio,PauseAudioSystem,0x1f6c,jump_table,indexed-only,,No semantic review recorded in this prototype catalog,5,6
16,Anim & Audio,PlaySound,0x201e,jump_table,reference-only,pop2/audio.py,native Mac driver playback replaced by SDL; full handle pipeline not translated,18,2
16,Anim & Audio,PoPAudioCallBack,0x2054,jump_table,indexed-only,,No semantic review recorded in this prototype catalog,0,0
16,Anim & Audio,PurgeSounds,0x20e2,jump_table,indexed-only,,No semantic review recorded in this prototype catalog,9,1
16,Anim & Audio,ReleaseSoundItem,0x2150,jump_table,indexed-only,,No semantic review recorded in this prototype catalog,1,2
16,Anim & Audio,ResetSoundId,0x21ba,prologue,indexed-only,,No semantic review recorded in this prototype catalog,0,2
16,Anim & Audio,ResetSoundItem,0x2200,jump_table,indexed-only,,No semantic review recorded in this prototype catalog,32,2
16,Anim & Audio,ResumeAudioSystem,0x22b0,jump_table,indexed-only,,No semantic review recorded in this prototype catalog,5,3
16,Anim & Audio,SetVolumeLevel,0x2344,jump_table,indexed-only,,No semantic review recorded in this prototype catalog,3,4
16,Anim & Audio,SetSoundId,0x2396,jump_table,indexed-only,,No semantic review recorded in this prototype catalog,39,2
16,Anim & Audio,SetSoundItem,0x23cc,jump_table,indexed-only,,No semantic review recorded in this prototype catalog,4,8
16,Anim & Audio,SetSoundItemKeepVal,0x2548,jump_table,indexed-only,,No semantic review recorded in this prototype catalog,3,0
16,Anim & Audio,SoundIdOn,0x25b0,jump_table,indexed-only,,No semantic review recorded in this prototype catalog,4,2
16,Anim & Audio,SoundItemOn,0x25fe,jump_table,indexed-only,,No semantic review recorded in this prototype catalog,12,0
16,Anim & Audio,StopAudioRef,0x265c,decoded,indexed-only,,No semantic review recorded in this prototype catalog,2,1
16,Anim & Audio,UnprepareAudioRef,0x268e,decoded,indexed-only,,No semantic review recorded in this prototype catalog,2,2
16,Anim & Audio,WaitCue,0x26d0,jump_table,indexed-only,,No semantic review recorded in this prototype catalog,44,2
16,Anim & Audio,WaitSndId,0x270e,jump_table,indexed-only,,No semantic review recorded in this prototype catalog,12,2
16,Anim & Audio,WaitSndItem,0x275e,jump_table,indexed-only,,No semantic review recorded in this prototype catalog,2,3
16,Anim & Audio,GetPOPTrap,0x27a4,jump_table,indexed-only,,No semantic review recorded in this prototype catalog,6,3
16,Anim & Audio,CheckCheatModes,0x2842,jump_table,indexed-only,,No semantic review recorded in this prototype catalog,1,5
16,Anim & Audio,CheckMemTest,0x28d0,prologue,indexed-only,,No semantic review recorded in this prototype catalog,0,0
16,Anim & Audio,DrawTestMarker,0x28e8,prologue,indexed-only,,No semantic review recorded in this prototype catalog,1,2
16,Anim & Audio,GetEditTextNumericValue,0x2980,decoded,indexed-only,,No semantic review recorded in this prototype catalog,1,5
16,Anim & Audio,GetNumberFilter,0x2a4c,prologue,indexed-only,,No semantic review recorded in this prototype catalog,0,0
16,Anim & Audio,GetNumber,0x2ad6,jump_table,indexed-only,,No semantic review recorded in this prototype catalog,2,7
16,Anim & Audio,GoToLevelDialog,0x2c1e,jump_table,indexed-only,,No semantic review recorded in this prototype catalog,1,2
16,Anim & Audio,CheckHeap,0x2ca2,prologue,indexed-only,,No semantic review recorded in this prototype catalog,0,0
16,Anim & Audio,DrawFootmark,0x2ce8,jump_table,indexed-only,,No semantic review recorded in this prototype catalog,1,3
16,Anim & Audio,DrawCollideMark,0x2dbe,prologue,indexed-only,,No semantic review recorded in this prototype catalog,0,1
17,PoP Tools,SetColors,0x02de,jump_table,indexed-only,,No semantic review recorded in this prototype catalog,36,10
17,PoP Tools,ShowColors,0x0694,jump_table,indexed-only,,No semantic review recorded in this prototype catalog,22,0
17,PoP Tools,CycleColors,0x06da,jump_table,indexed-only,,No semantic review recorded in this prototype catalog,3,0
17,PoP Tools,ReactivatePalette,0x075a,jump_table,indexed-only,,No semantic review recorded in this prototype catalog,0,1
17,PoP Tools,SetUpPalette,0x0790,jump_table,indexed-only,,No semantic review recorded in this prototype catalog,1,1
17,PoP Tools,AddWindow,0x088c,decoded,indexed-only,,No semantic review recorded in this prototype catalog,1,0
17,PoP Tools,TakeBackReleaseColors,0x08b0,jump_table,indexed-only,,No semantic review recorded in this prototype catalog,2,0
17,PoP Tools,GetSHAPColors,0x0932,prologue,indexed-only,,No semantic review recorded in this prototype catalog,0,0
17,PoP Tools,GetNthvRGB,0x0978,jump_table,indexed-only,,No semantic review recorded in this prototype catalog,3,0
17,PoP Tools,SetNthvRGB,0x09ae,prologue,indexed-only,,No semantic review recorded in this prototype catalog,0,0
17,PoP Tools,SetSHAPColors,0x0a52,jump_table,indexed-only,,No semantic review recorded in this prototype catalog,1,2
17,PoP Tools,FadeInColors,0x0ab6,jump_table,indexed-only,,No semantic review recorded in this prototype catalog,20,8
17,PoP Tools,NOFadeSetColors,0x0c0a,prologue,indexed-only,,No semantic review recorded in this prototype catalog,0,2
17,PoP Tools,FadeToWhite,0x0c68,prologue,indexed-only,,No semantic review recorded in this prototype catalog,0,6
17,PoP Tools,FadeOutColors,0x0d0e,jump_table,indexed-only,,No semantic review recorded in this prototype catalog,12,8
17,PoP Tools,StandardColors,0x0e64,prologue,indexed-only,,No semantic review recorded in this prototype catalog,3,4
17,PoP Tools,SetForeColor,0x0eae,jump_table,indexed-only,,No semantic review recorded in this prototype catalog,31,0
17,PoP Tools,SetAndShowNthRGB,0x0ef4,jump_table,indexed-only,,No semantic review recorded in this prototype catalog,2,1
17,PoP Tools,SetBackColor,0x0f60,jump_table,indexed-only,,No semantic review recorded in this prototype catalog,5,0
17,PoP Tools,VenetianOut,0x0fa0,prologue,indexed-only,,No semantic review recorded in this prototype catalog,0,8
17,PoP Tools,VenetianIn,0x1168,prologue,indexed-only,,No semantic review recorded in this prototype catalog,0,5
17,PoP Tools,ShowNthvRGB,0x130e,jump_table,indexed-only,,No semantic review recorded in this prototype catalog,8,3
17,PoP Tools,GiveSystemColors,0x139c,prologue,indexed-only,,No semantic review recorded in this prototype catalog,0,3
17,PoP Tools,CombineCtabs,0x1520,jump_table,indexed-only,,No semantic review recorded in this prototype catalog,4,2
17,PoP Tools,ColorTableTovCtab,0x1702,jump_table,indexed-only,,No semantic review recorded in this prototype catalog,2,0
17,PoP Tools,ResetStandardColors,0x1826,jump_table,indexed-only,,No semantic review recorded in this prototype catalog,5,1
17,PoP Tools,SetWholePaletteToColor,0x18ba,jump_table,indexed-only,,No semantic review recorded in this prototype catalog,2,1
17,PoP Tools,RapidFadeALL,0x1950,jump_table,indexed-only,,No semantic review recorded in this prototype catalog,9,4
17,PoP Tools,FadeOutAllColors,0x1a78,jump_table,indexed-only,,No semantic review recorded in this prototype catalog,2,4
17,PoP Tools,SetGameRect,0x1ada,jump_table,indexed-only,,No semantic review recorded in this prototype catalog,26,0
17,PoP Tools,NormalizeRect,0x1b12,decoded,indexed-only,,No semantic review recorded in this prototype catalog,1,0
17,PoP Tools,MoveRect,0x1b4e,jump_table,indexed-only,,No semantic review recorded in this prototype catalog,13,1
17,PoP Tools,NotSameRects,0x1b8a,prologue,indexed-only,,No semantic review recorded in this prototype catalog,0,0
17,PoP Tools,RectW,0x1be4,prologue,indexed-only,,No semantic review recorded in this prototype catalog,0,0
17,PoP Tools,RectH,0x1c06,prologue,indexed-only,,No semantic review recorded in this prototype catalog,0,0
17,PoP Tools,Randomize,0x1c26,prologue,indexed-only,,No semantic review recorded in this prototype catalog,0,3
17,PoP Tools,WaitFor,0x1c9c,prologue,indexed-only,,No semantic review recorded in this prototype catalog,4,0
17,PoP Tools,ButtonOrWaitFor,0x1cee,prologue,indexed-only,,No semantic review recorded in this prototype catalog,0,0
17,PoP Tools,Concactenate,0x1d5e,prologue,indexed-only,,No semantic review recorded in this prototype catalog,0,0
17,PoP Tools,CenterWindow,0x1e30,jump_table,indexed-only,,No semantic review recorded in this prototype catalog,4,2
17,PoP Tools,CompareTicks,0x1eb8,prologue,indexed-only,,No semantic review recorded in this prototype catalog,0,2
17,PoP Tools,FrameDefault,0x1f0e,jump_table,indexed-only,,No semantic review recorded in this prototype catalog,3,0
17,PoP Tools,ToggleCheckBox,0x1fa0,prologue,indexed-only,,No semantic review recorded in this prototype catalog,0,0
17,PoP Tools,RectValid,0x1ff2,prologue,indexed-only,,No semantic review recorded in this prototype catalog,0,0
17,PoP Tools,ErrorHandler,0x202c,jump_table,indexed-only,,No semantic review recorded in this prototype catalog,16,3
17,PoP Tools,GameWindow,0x2332,jump_table,indexed-only,,No semantic review recorded in this prototype catalog,1,4
17,PoP Tools,DrawAbout,0x245e,jump_table,indexed-only,,No semantic review recorded in this prototype catalog,3,2
17,PoP Tools,Sys6OrLater,0x24d8,jump_table,indexed-only,,No semantic review recorded in this prototype catalog,2,9
17,PoP Tools,RecheckSystem,0x26ce,jump_table,indexed-only,,No semantic review recorded in this prototype catalog,1,1
17,PoP Tools,CheckFreeMemory,0x270a,prologue,indexed-only,,No semantic review recorded in this prototype catalog,0,0
17,PoP Tools,StrItem,0x275a,jump_table,indexed-only,,No semantic review recorded in this prototype catalog,4,0
17,PoP Tools,StringRect,0x27a8,jump_table,indexed-only,,No semantic review recorded in this prototype catalog,10,2
17,PoP Tools,CStrWidth,0x27ee,prologue,indexed-only,,No semantic review recorded in this prototype catalog,0,0
17,PoP Tools,TextInRect,0x285a,decoded,indexed-only,,No semantic review recorded in this prototype catalog,1,2
17,PoP Tools,TextInRectHeight,0x2c54,decoded,indexed-only,,No semantic review recorded in this prototype catalog,1,0
17,PoP Tools,CheckOSErr,0x2ec0,jump_table,indexed-only,,No semantic review recorded in this prototype catalog,14,5
17,PoP Tools,Terminate,0x2f6c,jump_table,indexed-only,,No semantic review recorded in this prototype catalog,19,4
17,PoP Tools,CheckWaitFunc,0x2fb0,jump_table,indexed-only,,No semantic review recorded in this prototype catalog,4,0
17,PoP Tools,ShowErrorAndExit,0x2fea,decoded,indexed-only,,No semantic review recorded in this prototype catalog,2,1
17,PoP Tools,GetTimer,0x3032,jump_table,indexed-only,,No semantic review recorded in this prototype catalog,7,0
17,PoP Tools,PollUser0,0x308e,jump_table,indexed-only,,No semantic review recorded in this prototype catalog,1,1
17,PoP Tools,PoPWriteResource,0x30a8,decoded,indexed-only,,No semantic review recorded in this prototype catalog,2,3
17,PoP Tools,SetTimer,0x3136,jump_table,indexed-only,,No semantic review recorded in this prototype catalog,82,0
17,PoP Tools,WaitTimer,0x3184,jump_table,indexed-only,,No semantic review recorded in this prototype catalog,68,2
17,PoP Tools,WaitTimerNoPoll,0x31b8,jump_table,indexed-only,,No semantic review recorded in this prototype catalog,8,2
17,PoP Tools,Wait,0x31f2,jump_table,indexed-only,,No semantic review recorded in this prototype catalog,27,2
17,PoP Tools,CloseRsrcFile,0x322e,jump_table,indexed-only,,No semantic review recorded in this prototype catalog,20,0
17,PoP Tools,OpenRsrcVerify,0x3260,jump_table,indexed-only,,No semantic review recorded in this prototype catalog,18,3
17,PoP Tools,PoPGetResource,0x330e,jump_table,indexed-only,,No semantic review recorded in this prototype catalog,22,4
17,PoP Tools,PoPNewHandle,0x33d0,jump_table,indexed-only,,No semantic review recorded in this prototype catalog,17,2
17,PoP Tools,PoPNewPtr,0x343a,jump_table,indexed-only,,No semantic review recorded in this prototype catalog,22,2
17,PoP Tools,PoPNewHiPtr,0x34a0,jump_table,indexed-only,,No semantic review recorded in this prototype catalog,14,4
17,PoP Tools,PackShapeLZ,0x3520,decoded,indexed-only,,No semantic review recorded in this prototype catalog,2,3
17,PoP Tools,UnpackShapeLZ,0x359e,decoded,indexed-only,,No semantic review recorded in this prototype catalog,1,1
17,PoP Tools,PackLZ,0x35c0,decoded,indexed-only,,No semantic review recorded in this prototype catalog,1,13
17,PoP Tools,UnpackLZ,0x3aa8,decoded,indexed-only,,No semantic review recorded in this prototype catalog,1,5
17,PoP Tools,InsertNode,0x3c80,decoded,indexed-only,,No semantic review recorded in this prototype catalog,4,2
17,PoP Tools,DeleteNode,0x3e8a,decoded,indexed-only,,No semantic review recorded in this prototype catalog,2,0
17,PoP Tools,LZPackDataFile,0x409c,decoded,indexed-only,,No semantic review recorded in this prototype catalog,1,6
17,PoP Tools,PackAllData,0x41a6,jump_table,indexed-only,,No semantic review recorded in this prototype catalog,2,27
17,PoP Tools,PackDataAtStartUp,0x4560,jump_table,indexed-only,,No semantic review recorded in this prototype catalog,1,2
17,PoP Tools,CheckPackDataFromGame,0x463a,jump_table,indexed-only,,No semantic review recorded in this prototype catalog,0,1
17,PoP Tools,DrawEmptyProgressBar,0x46ce,decoded,indexed-only,,No semantic review recorded in this prototype catalog,3,4
17,PoP Tools,DrawPackingProgress,0x473a,decoded,indexed-only,,No semantic review recorded in this prototype catalog,4,5
17,PoP Tools,GetEstTimeToPackData,0x4820,decoded,indexed-only,,No semantic review recorded in this prototype catalog,1,10
17,PoP Tools,HandleKeyDownInPackingWindow,0x4a0e,jump_table,indexed-only,,No semantic review recorded in this prototype catalog,0,1
17,PoP Tools,HandleMouseDownInPackingWindow,0x4a9c,jump_table,indexed-only,,No semantic review recorded in this prototype catalog,0,0
17,PoP Tools,HandleUpdateEvtInPackingWindow,0x4ad6,jump_table,indexed-only,,No semantic review recorded in this prototype catalog,0,4
17,PoP Tools,GoBackToGameAfterPacking,0x4b4a,decoded,indexed-only,,No semantic review recorded in this prototype catalog,1,2
17,PoP Tools,IsBGSetFile,0x4b8a,decoded,indexed-only,,No semantic review recorded in this prototype catalog,1,1
17,PoP Tools,SetPackingWindowFilename,0x4c34,decoded,indexed-only,,No semantic review recorded in this prototype catalog,1,8
17,PoP Tools,SaveCurrentWorld,0x4cf4,jump_table,indexed-only,,No semantic review recorded in this prototype catalog,50,0
17,PoP Tools,RestoreOriginalWorld,0x4d4a,jump_table,indexed-only,,No semantic review recorded in this prototype catalog,50,0
17,PoP Tools,DisposeSOffWorld,0x4d88,jump_table,indexed-only,,No semantic review recorded in this prototype catalog,4,0
17,PoP Tools,BuildOffGWorld,0x4de0,jump_table,indexed-only,,No semantic review recorded in this prototype catalog,2,1
17,PoP Tools,BuildOffBitMap,0x4e4c,prologue,indexed-only,,No semantic review recorded in this prototype catalog,0,5
17,PoP Tools,BuildSOffWorld,0x4f5e,jump_table,indexed-only,,No semantic review recorded in this prototype catalog,2,2
17,PoP Tools,DrawSOffWorldToWindow,0x4fe4,jump_table,indexed-only,,No semantic review recorded in this prototype catalog,22,4
17,PoP Tools,DrawOffToOff,0x5048,jump_table,indexed-only,,No semantic review recorded in this prototype catalog,4,4
17,PoP Tools,InvertOffWorld,0x50a8,jump_table,indexed-only,,No semantic review recorded in this prototype catalog,2,3
17,PoP Tools,SaveRect,0x520a,jump_table,indexed-only,,No semantic review recorded in this prototype catalog,5,4
17,PoP Tools,RestoreRect,0x5420,prologue,indexed-only,,No semantic review recorded in this prototype catalog,0,2
17,PoP Tools,RestoreRectKeep,0x544a,jump_table,indexed-only,,No semantic review recorded in this prototype catalog,5,1
17,PoP Tools,DeallocMapSave,0x549e,jump_table,indexed-only,,No semantic review recorded in this prototype catalog,8,0
17,PoP Tools,GetMapSaveRect,0x54ca,jump_table,indexed-only,,No semantic review recorded in this prototype catalog,1,0
17,PoP Tools,FreeShpInfo,0x5fd0,jump_table,indexed-only,,No semantic review recorded in this prototype catalog,12,0
17,PoP Tools,hGetNMapShpList,0x6500,decoded,indexed-only,,No semantic review recorded in this prototype catalog,1,5
17,PoP Tools,LoadShapeList,0x65ac,jump_table,indexed-only,,No semantic review recorded in this prototype catalog,1,4
17,PoP Tools,PrinceGetnShapeItem,0x66d0,jump_table,indexed-only,,No semantic review recorded in this prototype catalog,5,0
17,PoP Tools,PrinceGetnShapeItemSize,0x673a,jump_table,indexed-only,,No semantic review recorded in this prototype catalog,4,0
17,PoP Tools,PrinceFreeShp,0x67c0,prologue,indexed-only,,No semantic review recorded in this prototype catalog,0,1
17,PoP Tools,PrincePaintShapeIdx,0x67f4,jump_table,indexed-only,,No semantic review recorded in this prototype catalog,4,2
17,PoP Tools,UnloadShapeList,0x685e,jump_table,indexed-only,,No semantic review recorded in this prototype catalog,1,1
17,PoP Tools,GetSHPLResource,0x68f6,decoded,indexed-only,,No semantic review recorded in this prototype catalog,2,1
17,PoP Tools,GetShpListItem,0x6920,prologue,indexed-only,,No semantic review recorded in this prototype catalog,3,1
17,PoP Tools,PaintRLEShapeItem,0x696e,prologue,indexed-only,,No semantic review recorded in this prototype catalog,0,2
17,PoP Tools,PaintShapeItem,0x69d4,prologue,indexed-only,,No semantic review recorded in this prototype catalog,0,1
17,PoP Tools,Paint4BitShapeItem,0x6a12,prologue,indexed-only,,No semantic review recorded in this prototype catalog,0,1
17,PoP Tools,GetCTBLResource,0x6a4e,jump_table,indexed-only,,No semantic review recorded in this prototype catalog,4,1
17,PoP Tools,RemapCTBL,0x6a78,jump_table,indexed-only,,No semantic review recorded in this prototype catalog,4,0
17,PoP Tools,SetCTBLColors,0x6ade,decoded,indexed-only,,No semantic review recorded in this prototype catalog,1,4
17,PoP Tools,AlertOKCancel,0x6b52,prologue,indexed-only,,No semantic review recorded in this prototype catalog,0,1
17,PoP Tools,AlertOKOnly,0x6b8e,jump_table,indexed-only,,No semantic review recorded in this prototype catalog,7,1
17,PoP Tools,AlertYesNo,0x6bb2,jump_table,indexed-only,,No semantic review recorded in this prototype catalog,8,1
17,PoP Tools,AlterRect,0x6bea,jump_table,indexed-only,,No semantic review recorded in this prototype catalog,6,0
17,PoP Tools,EncloseRect,0x6c34,jump_table,indexed-only,,No semantic review recorded in this prototype catalog,1,0
17,PoP Tools,hGetDlog,0x6c78,jump_table,indexed-only,,No semantic review recorded in this prototype catalog,5,1
17,PoP Tools,hGetTxt4,0x6cd6,prologue,indexed-only,,No semantic review recorded in this prototype catalog,0,1
17,PoP Tools,MakeShapeRect,0x6cf8,jump_table,indexed-only,,No semantic review recorded in this prototype catalog,6,0
17,PoP Tools,MainAlert,0x6d42,decoded,indexed-only,,No semantic review recorded in this prototype catalog,3,4
17,PoP Tools,pstrcpy,0x6db0,decoded,indexed-only,,No semantic review recorded in this prototype catalog,5,0
17,PoP Tools,PoPFillRect,0x6dd6,jump_table,indexed-only,,No semantic review recorded in this prototype catalog,11,3
17,PoP Tools,Rnd,0x6e06,jump_table,indexed-only,,No semantic review recorded in this prototype catalog,55,2
17,PoP Tools,SetRndSeed,0x6e42,jump_table,indexed-only,,No semantic review recorded in this prototype catalog,2,0
17,PoP Tools,SetScriptRect,0x6e7a,prologue,indexed-only,,No semantic review recorded in this prototype catalog,0,0
17,PoP Tools,SetStatTextCtrl,0x6e94,prologue,indexed-only,,No semantic review recorded in this prototype catalog,0,1
18,Desert,DsrtCheckExit,0x0026,jump_table,indexed-only,,No semantic review recorded in this prototype catalog,1,4
18,Desert,IsMarkStonePos,0x03aa,jump_table,indexed-only,,No semantic review recorded in this prototype catalog,1,0
18,Desert,SetupSand,0x051e,jump_table,indexed-only,,No semantic review recorded in this prototype catalog,1,3
18,Desert,DrawDsrtExit,0x0708,jump_table,indexed-only,,No semantic review recorded in this prototype catalog,0,2
18,Desert,TriggerDsrtExit,0x07b6,decoded,indexed-only,,No semantic review recorded in this prototype catalog,1,3
18,Desert,DrawDsrtPlanks,0x0858,jump_table,indexed-only,,No semantic review recorded in this prototype catalog,0,1
18,Desert,DrawDsrtRocks,0x090a,jump_table,indexed-only,,No semantic review recorded in this prototype catalog,0,1
18,Desert,AddDsrtStoneUpPeels,0x097c,jump_table,indexed-only,,No semantic review recorded in this prototype catalog,1,1
18,Desert,RedrawStone,0x0aa8,jump_table,indexed-only,,No semantic review recorded in this prototype catalog,0,6
18,Desert,RemoveLastStonePeel,0x0b7a,decoded,indexed-only,,No semantic review recorded in this prototype catalog,1,2
18,Desert,SinkDsrtStone,0x0c8c,decoded,indexed-only,,No semantic review recorded in this prototype catalog,4,2
18,Desert,TriggerStone,0x0d3e,jump_table,indexed-only,,No semantic review recorded in this prototype catalog,2,7
20,Mohawk Libs 1,audioActivate,0x09b6,jump_table,indexed-only,,No semantic review recorded in this prototype catalog,2,8
20,Mohawk Libs 1,audioCreate,0x0b38,jump_table,indexed-only,,No semantic review recorded in this prototype catalog,1,9
20,Mohawk Libs 1,audioDestroy,0x0c66,jump_table,indexed-only,,No semantic review recorded in this prototype catalog,1,7
20,Mohawk Libs 1,audioGetError,0x0d58,prologue,indexed-only,,No semantic review recorded in this prototype catalog,0,0
20,Mohawk Libs 1,audioGetPosition,0x0d7a,prologue,indexed-only,,No semantic review recorded in this prototype catalog,0,1
20,Mohawk Libs 1,audioGetState,0x0de6,jump_table,indexed-only,,No semantic review recorded in this prototype catalog,3,1
20,Mohawk Libs 1,audioInit,0x0e6c,jump_table,indexed-only,,No semantic review recorded in this prototype catalog,1,17
20,Mohawk Libs 1,audioPause,0x0fdc,prologue,indexed-only,,No semantic review recorded in this prototype catalog,0,2
20,Mohawk Libs 1,audioQueryInit,0x106a,decoded,indexed-only,,No semantic review recorded in this prototype catalog,1,1
20,Mohawk Libs 1,audioQuit,0x10b8,jump_table,indexed-only,,No semantic review recorded in this prototype catalog,0,4
20,Mohawk Libs 1,audioPrepare,0x1116,jump_table,indexed-only,,No semantic review recorded in this prototype catalog,1,2
20,Mohawk Libs 1,audioReleaseLoop,0x11ac,prologue,indexed-only,,No semantic review recorded in this prototype catalog,0,2
20,Mohawk Libs 1,audioResume,0x1240,prologue,indexed-only,,No semantic review recorded in this prototype catalog,0,2
20,Mohawk Libs 1,audioSeek,0x12d0,jump_table,indexed-only,,No semantic review recorded in this prototype catalog,1,1
20,Mohawk Libs 1,audioStart,0x134c,jump_table,indexed-only,,No semantic review recorded in this prototype catalog,1,2
20,Mohawk Libs 1,audioStop,0x13ea,jump_table,indexed-only,,No semantic review recorded in this prototype catalog,1,1
20,Mohawk Libs 1,audioUnprepare,0x1448,jump_table,indexed-only,,No semantic review recorded in this prototype catalog,2,1
20,Mohawk Libs 1,audioUseMidiOutDevice,0x14aa,prologue,indexed-only,,No semantic review recorded in this prototype catalog,0,2
20,Mohawk Libs 1,audioUseWaveOutDevice,0x153e,prologue,indexed-only,,No semantic review recorded in this prototype catalog,0,2
20,Mohawk Libs 1,destroy__8audioObj,0x15d2,jump_table,indexed-only,,No semantic review recorded in this prototype catalog,0,2
20,Mohawk Libs 1,deviceEnable__8audioObj,0x1670,jump_table,indexed-only,,No semantic review recorded in this prototype catalog,0,0
20,Mohawk Libs 1,notify__8audioObj,0x175a,jump_table,indexed-only,,No semantic review recorded in this prototype catalog,0,3
20,Mohawk Libs 1,cachePatches__7midiObj,0x17c8,decoded,indexed-only,,No semantic review recorded in this prototype catalog,3,3
20,Mohawk Libs 1,create__7midiObj,0x18aa,decoded,indexed-only,,No semantic review recorded in this prototype catalog,1,16
20,Mohawk Libs 1,devicePrepare__7midiObj,0x1ba8,jump_table,indexed-only,,No semantic review recorded in this prototype catalog,0,9
20,Mohawk Libs 1,deviceStart__7midiObj,0x1ce8,jump_table,indexed-only,,No semantic review recorded in this prototype catalog,0,5
20,Mohawk Libs 1,deviceStop__7midiObj,0x1d94,jump_table,indexed-only,,No semantic review recorded in this prototype catalog,0,4
20,Mohawk Libs 1,deviceUnprepare__7midiObj,0x1e10,jump_table,indexed-only,,No semantic review recorded in this prototype catalog,0,3
20,Mohawk Libs 1,getPosition__7midiObj,0x1e7a,jump_table,indexed-only,,No semantic review recorded in this prototype catalog,0,2
20,Mohawk Libs 1,pause__7midiObj,0x1ed0,jump_table,indexed-only,,No semantic review recorded in this prototype catalog,0,3
20,Mohawk Libs 1,prepare__7midiObj,0x1f78,jump_table,indexed-only,,No semantic review recorded in this prototype catalog,0,2
20,Mohawk Libs 1,releaseLoop__7midiObj,0x2020,jump_table,indexed-only,,No semantic review recorded in this prototype catalog,0,0
20,Mohawk Libs 1,resetLoop__7midiObj,0x207e,jump_table,indexed-only,,No semantic review recorded in this prototype catalog,0,0
20,Mohawk Libs 1,resume__7midiObj,0x20c8,jump_table,indexed-only,,No semantic review recorded in this prototype catalog,0,6
20,Mohawk Libs 1,seek__7midiObj,0x21a2,jump_table,indexed-only,,No semantic review recorded in this prototype catalog,0,7
20,Mohawk Libs 1,start__7midiObj,0x2334,jump_table,indexed-only,,No semantic review recorded in this prototype catalog,0,0
20,Mohawk Libs 1,stop__7midiObj,0x23f4,jump_table,indexed-only,,No semantic review recorded in this prototype catalog,0,0
20,Mohawk Libs 1,unprepare__7midiObj,0x2492,jump_table,indexed-only,,No semantic review recorded in this prototype catalog,0,1
20,Mohawk Libs 1,midiMapCachePatches,0x253a,decoded,indexed-only,,No semantic review recorded in this prototype catalog,1,1
20,Mohawk Libs 1,midiMapClose,0x25ae,decoded,indexed-only,,No semantic review recorded in this prototype catalog,4,16
20,Mohawk Libs 1,midiMapGetDevice,0x278e,decoded,indexed-only,,No semantic review recorded in this prototype catalog,3,19
20,Mohawk Libs 1,__ct__8fileSpecFRC8fileSpec,0x297e,decoded,indexed-only,,No semantic review recorded in this prototype catalog,1,0
20,Mohawk Libs 1,midiMapGetID,0x29ca,prologue,indexed-only,,No semantic review recorded in this prototype catalog,0,0
20,Mohawk Libs 1,midiMapInit,0x2a22,decoded,indexed-only,,No semantic review recorded in this prototype catalog,1,13
20,Mohawk Libs 1,midiMapLongMsg,0x2b3a,jump_table,indexed-only,,No semantic review recorded in this prototype catalog,2,3
20,Mohawk Libs 1,midiMapMuteChannel,0x2ce2,prologue,indexed-only,,No semantic review recorded in this prototype catalog,0,3
20,Mohawk Libs 1,midiMapOpen,0x2db0,decoded,indexed-only,,No semantic review recorded in this prototype catalog,1,22
20,Mohawk Libs 1,midiMapPrepareHeader,0x3004,decoded,indexed-only,,No semantic review recorded in this prototype catalog,1,1
20,Mohawk Libs 1,midiMapQuit,0x3072,decoded,indexed-only,,No semantic review recorded in this prototype catalog,1,5
20,Mohawk Libs 1,midiMapReset,0x3132,decoded,indexed-only,,No semantic review recorded in this prototype catalog,2,1
20,Mohawk Libs 1,midiMapResetChannel,0x3192,decoded,indexed-only,,No semantic review recorded in this prototype catalog,2,1
20,Mohawk Libs 1,midiMapShortMsg,0x321e,jump_table,indexed-only,,No semantic review recorded in this prototype catalog,1,4
20,Mohawk Libs 1,midiMapUnprepareHeader,0x338e,decoded,indexed-only,,No semantic review recorded in this prototype catalog,1,1
20,Mohawk Libs 1,mmaudioEnable,0x33fe,decoded,indexed-only,,No semantic review recorded in this prototype catalog,3,2
20,Mohawk Libs 1,mmaudioInit,0x347a,decoded,indexed-only,,No semantic review recorded in this prototype catalog,1,25
20,Mohawk Libs 1,mmaudioQuit,0x377a,decoded,indexed-only,,No semantic review recorded in this prototype catalog,2,1
20,Mohawk Libs 1,calcBlocks__7waveObj,0x37a8,decoded,indexed-only,,No semantic review recorded in this prototype catalog,1,1
20,Mohawk Libs 1,create__7waveObj,0x3986,decoded,indexed-only,,No semantic review recorded in this prototype catalog,1,19
20,Mohawk Libs 1,devicePrepare__7waveObj,0x3db4,jump_table,indexed-only,,No semantic review recorded in this prototype catalog,0,3
20,Mohawk Libs 1,deviceStart__7waveObj,0x3eaa,jump_table,indexed-only,,No semantic review recorded in this prototype catalog,0,15
20,Mohawk Libs 1,deviceStop__7waveObj,0x4110,jump_table,indexed-only,,No semantic review recorded in this prototype catalog,0,5
20,Mohawk Libs 1,deviceUnprepare__7waveObj,0x41f0,jump_table,indexed-only,,No semantic review recorded in this prototype catalog,0,4
20,Mohawk Libs 1,deviceUnprepareBlks__7waveObj,0x4252,decoded,indexed-only,,No semantic review recorded in this prototype catalog,2,2
20,Mohawk Libs 1,getFrame__7waveObj,0x4358,decoded,indexed-only,,No semantic review recorded in this prototype catalog,2,2
20,Mohawk Libs 1,getPosition__7waveObj,0x440a,jump_table,indexed-only,,No semantic review recorded in this prototype catalog,0,1
20,Mohawk Libs 1,pause__7waveObj,0x445e,jump_table,indexed-only,,No semantic review recorded in this prototype catalog,0,1
20,Mohawk Libs 1,prepare__7waveObj,0x44dc,jump_table,indexed-only,,No semantic review recorded in this prototype catalog,0,2
20,Mohawk Libs 1,releaseLoop__7waveObj,0x4584,jump_table,indexed-only,,No semantic review recorded in this prototype catalog,0,7
20,Mohawk Libs 1,resetLoop__7waveObj,0x467c,jump_table,indexed-only,,No semantic review recorded in this prototype catalog,0,0
20,Mohawk Libs 1,resume__7waveObj,0x46dc,jump_table,indexed-only,,No semantic review recorded in this prototype catalog,0,1
20,Mohawk Libs 1,seek__7waveObj,0x475a,jump_table,indexed-only,,No semantic review recorded in this prototype catalog,0,1
20,Mohawk Libs 1,start__7waveObj,0x4820,jump_table,indexed-only,,No semantic review recorded in this prototype catalog,0,0
20,Mohawk Libs 1,stop__7waveObj,0x48e0,jump_table,indexed-only,,No semantic review recorded in this prototype catalog,0,0
20,Mohawk Libs 1,unprepare__7waveObj,0x497e,jump_table,indexed-only,,No semantic review recorded in this prototype catalog,0,1
21,Mohawk Libs 3,fileQueryInit,0x0004,jump_table,indexed-only,,No semantic review recorded in this prototype catalog,3,0
21,Mohawk Libs 3,fileQuit,0x0032,jump_table,indexed-only,,No semantic review recorded in this prototype catalog,0,2
21,Mohawk Libs 3,fileCheckVol,0x0092,decoded,indexed-only,,No semantic review recorded in this prototype catalog,1,1
21,Mohawk Libs 3,fileGetOSError,0x0130,decoded,indexed-only,,No semantic review recorded in this prototype catalog,1,0
21,Mohawk Libs 3,getDirectorySize,0x0152,decoded,indexed-only,,No semantic review recorded in this prototype catalog,2,2
21,Mohawk Libs 3,fileMapOSError,0x020c,decoded,indexed-only,,No semantic review recorded in this prototype catalog,31,0
21,Mohawk Libs 3,_fileGetVolInfo,0x046a,decoded,indexed-only,,No semantic review recorded in this prototype catalog,1,4
21,Mohawk Libs 3,driveVolumeEnumProc,0x0554,jump_table,indexed-only,,No semantic review recorded in this prototype catalog,0,2
21,Mohawk Libs 3,fileGetDriveVolume,0x05e4,decoded,indexed-only,,No semantic review recorded in this prototype catalog,5,1
21,Mohawk Libs 3,fileCheckException,0x0624,decoded,indexed-only,,No semantic review recorded in this prototype catalog,27,4
21,Mohawk Libs 3,fileXlatSpecToMac,0x0726,decoded,indexed-only,,No semantic review recorded in this prototype catalog,4,4
21,Mohawk Libs 3,fileDerivePathFromIDs__FPcslUs,0x08bc,decoded,indexed-only,,No semantic review recorded in this prototype catalog,5,5
21,Mohawk Libs 3,fileGetWDPath__FPc,0x09aa,decoded,indexed-only,,No semantic review recorded in this prototype catalog,1,5
21,Mohawk Libs 3,fileGetVolName__FsPc,0x0a4c,prologue,indexed-only,,No semantic review recorded in this prototype catalog,1,3
21,Mohawk Libs 3,fileClose,0x0afc,jump_table,indexed-only,,No semantic review recorded in this prototype catalog,5,3
21,Mohawk Libs 3,fileCreate,0x0b7a,decoded,indexed-only,,No semantic review recorded in this prototype catalog,2,4
21,Mohawk Libs 3,fileDelete,0x0cb4,decoded,indexed-only,,No semantic review recorded in this prototype catalog,1,6
21,Mohawk Libs 3,fileEject,0x0d84,prologue,indexed-only,,No semantic review recorded in this prototype catalog,0,2
21,Mohawk Libs 3,fileEnumDirs,0x0e12,prologue,indexed-only,,No semantic review recorded in this prototype catalog,0,5
21,Mohawk Libs 3,fileEnumDrives,0x0ef8,prologue,indexed-only,,No semantic review recorded in this prototype catalog,0,0
21,Mohawk Libs 3,fileEnumFiles,0x0f66,prologue,indexed-only,,No semantic review recorded in this prototype catalog,0,5
21,Mohawk Libs 3,fileEnumVols,0x104c,decoded,indexed-only,,No semantic review recorded in this prototype catalog,1,0
21,Mohawk Libs 3,fileExists,0x10b0,prologue,indexed-only,,No semantic review recorded in this prototype catalog,0,6
21,Mohawk Libs 3,fileGetAttr,0x118a,prologue,indexed-only,,No semantic review recorded in this prototype catalog,0,6
21,Mohawk Libs 3,fileGetDir,0x12e4,jump_table,indexed-only,,No semantic review recorded in this prototype catalog,3,2
21,Mohawk Libs 3,fileGetDriveInfo,0x1388,jump_table,indexed-only,,No semantic review recorded in this prototype catalog,1,17
21,Mohawk Libs 3,fileGetEOF,0x16ec,jump_table,indexed-only,,No semantic review recorded in this prototype catalog,2,3
21,Mohawk Libs 3,fileGetError,0x1770,jump_table,indexed-only,,No semantic review recorded in this prototype catalog,15,0
21,Mohawk Libs 3,fileGetInfo,0x1790,jump_table,indexed-only,,No semantic review recorded in this prototype catalog,1,3
21,Mohawk Libs 3,fileGetLaunchDir,0x1834,jump_table,indexed-only,,No semantic review recorded in this prototype catalog,2,0
21,Mohawk Libs 3,fileGetOSAttr,0x1878,prologue,indexed-only,,No semantic review recorded in this prototype catalog,0,6
21,Mohawk Libs 3,fileGetSize,0x196c,jump_table,indexed-only,,No semantic review recorded in this prototype catalog,2,8
21,Mohawk Libs 3,fileGetSpec,0x1abe,jump_table,indexed-only,,No semantic review recorded in this prototype catalog,1,1
21,Mohawk Libs 3,fileGetTime,0x1b4e,jump_table,indexed-only,,No semantic review recorded in this prototype catalog,2,8
21,Mohawk Libs 3,fileGetVolFree,0x1ca8,prologue,indexed-only,,No semantic review recorded in this prototype catalog,0,4
21,Mohawk Libs 3,fileGetVolInfo,0x1d4a,jump_table,indexed-only,,No semantic review recorded in this prototype catalog,1,5
21,Mohawk Libs 3,fileInit,0x1e02,jump_table,indexed-only,,No semantic review recorded in this prototype catalog,1,11
21,Mohawk Libs 3,fileMountVol,0x1f38,prologue,indexed-only,,No semantic review recorded in this prototype catalog,0,2
21,Mohawk Libs 3,fileOpen,0x1fb8,jump_table,indexed-only,,No semantic review recorded in this prototype catalog,5,15
21,Mohawk Libs 3,filePrefetch,0x21c6,jump_table,indexed-only,,No semantic review recorded in this prototype catalog,1,0
21,Mohawk Libs 3,fileRead,0x21fe,jump_table,indexed-only,,No semantic review recorded in this prototype catalog,6,3
21,Mohawk Libs 3,fileRename,0x2274,prologue,indexed-only,,No semantic review recorded in this prototype catalog,0,8
21,Mohawk Libs 3,fileSeek,0x2368,jump_table,indexed-only,,No semantic review recorded in this prototype catalog,10,3
21,Mohawk Libs 3,fileSetAttr,0x2438,prologue,indexed-only,,No semantic review recorded in this prototype catalog,0,9
21,Mohawk Libs 3,fileSetDir,0x260e,jump_table,indexed-only,,No semantic review recorded in this prototype catalog,3,8
21,Mohawk Libs 3,fileSetEOF,0x2772,jump_table,indexed-only,,No semantic review recorded in this prototype catalog,3,3
21,Mohawk Libs 3,fileSetOSAttr,0x27fa,prologue,indexed-only,,No semantic review recorded in this prototype catalog,0,6
21,Mohawk Libs 3,fileSetXceptFail,0x28f6,prologue,indexed-only,,No semantic review recorded in this prototype catalog,0,0
21,Mohawk Libs 3,fileSetXceptProc,0x2930,jump_table,indexed-only,,No semantic review recorded in this prototype catalog,2,0
21,Mohawk Libs 3,__ct__8fileSpecDv,0x296a,jump_table,indexed-only,,No semantic review recorded in this prototype catalog,7,0
21,Mohawk Libs 3,__dt__8fileSpecDv,0x29a6,jump_table,indexed-only,,No semantic review recorded in this prototype catalog,22,0
21,Mohawk Libs 3,__ct__8fileSpecDPCc,0x29cc,jump_table,indexed-only,,No semantic review recorded in this prototype catalog,7,3
21,Mohawk Libs 3,__ct__8fileSpecDC8fileSpecPCc,0x2a3e,jump_table,indexed-only,,No semantic review recorded in this prototype catalog,2,16
21,Mohawk Libs 3,__ct__8fileSpecDsPCc,0x2ba4,prologue,indexed-only,,No semantic review recorded in this prototype catalog,0,9
21,Mohawk Libs 3,__ct__8fileSpecDR6FSSpec,0x2c9a,prologue,indexed-only,,No semantic review recorded in this prototype catalog,0,0
21,Mohawk Libs 3,equal__8fileSpec,0x2cde,jump_table,indexed-only,,No semantic review recorded in this prototype catalog,2,1
21,Mohawk Libs 3,getName__8fileSpec,0x2d60,prologue,indexed-only,,No semantic review recorded in this prototype catalog,0,2
21,Mohawk Libs 3,getOSSpec__8fileSpec,0x2dce,prologue,indexed-only,,No semantic review recorded in this prototype catalog,0,5
21,Mohawk Libs 3,getPath__8fileSpec,0x2e7e,prologue,indexed-only,,No semantic review recorded in this prototype catalog,0,4
21,Mohawk Libs 3,getVol__8fileSpec,0x2fa4,prologue,indexed-only,,No semantic review recorded in this prototype catalog,0,0
21,Mohawk Libs 3,qualify__8fileSpec,0x3000,decoded,indexed-only,,No semantic review recorded in this prototype catalog,16,16
21,Mohawk Libs 3,validName__8fileSpec,0x3266,decoded,indexed-only,,No semantic review recorded in this prototype catalog,1,5
21,Mohawk Libs 3,fileUnmountVol,0x335e,prologue,indexed-only,,No semantic review recorded in this prototype catalog,0,7
21,Mohawk Libs 3,fileWrite,0x3438,jump_table,indexed-only,,No semantic review recorded in this prototype catalog,7,3
21,Mohawk Libs 3,getMaster__FUs,0x34b0,decoded,indexed-only,,No semantic review recorded in this prototype catalog,19,0
21,Mohawk Libs 3,findEmptySlot__FRs,0x3566,decoded,indexed-only,,No semantic review recorded in this prototype catalog,2,0
21,Mohawk Libs 3,purgeAll__Fv,0x35ea,decoded,indexed-only,,No semantic review recorded in this prototype catalog,3,3
21,Mohawk Libs 3,purgeThisMuch__FUl,0x3804,decoded,indexed-only,,No semantic review recorded in this prototype catalog,7,1
21,Mohawk Libs 3,_memAllocPtr,0x39fa,decoded,indexed-only,,No semantic review recorded in this prototype catalog,1,2
21,Mohawk Libs 3,_memAllocHandle,0x3a9a,decoded,indexed-only,,No semantic review recorded in this prototype catalog,2,2
21,Mohawk Libs 3,_memSetHandleSize,0x3b3e,decoded,indexed-only,,No semantic review recorded in this prototype catalog,1,2
21,Mohawk Libs 3,memQueryInit,0x3c02,jump_table,indexed-only,,No semantic review recorded in this prototype catalog,4,0
21,Mohawk Libs 3,memAllocHandle,0x3c2e,jump_table,indexed-only,,No semantic review recorded in this prototype catalog,9,7
21,Mohawk Libs 3,memAllocPtr,0x3d96,jump_table,indexed-only,,No semantic review recorded in this prototype catalog,4,1
21,Mohawk Libs 3,memAttachHandle,0x3e16,jump_table,indexed-only,,No semantic review recorded in this prototype catalog,1,1
21,Mohawk Libs 3,memDummy,0x3e88,prologue,indexed-only,,No semantic review recorded in this prototype catalog,0,0
21,Mohawk Libs 3,memAttachPtr,0x3ea4,prologue,indexed-only,,No semantic review recorded in this prototype catalog,0,1
21,Mohawk Libs 3,memCompact,0x3f0e,prologue,indexed-only,,No semantic review recorded in this prototype catalog,0,0
21,Mohawk Libs 3,memEnumHandles,0x3f38,prologue,indexed-only,,No semantic review recorded in this prototype catalog,0,4
21,Mohawk Libs 3,memFreeHandle,0x4050,jump_table,indexed-only,,No semantic review recorded in this prototype catalog,18,3
21,Mohawk Libs 3,memFreePtr,0x415c,jump_table,indexed-only,,No semantic review recorded in this prototype catalog,7,0
21,Mohawk Libs 3,memGetAvail,0x41ba,prologue,indexed-only,,No semantic review recorded in this prototype catalog,0,0
21,Mohawk Libs 3,memGetError,0x41ea,jump_table,indexed-only,,No semantic review recorded in this prototype catalog,18,0
21,Mohawk Libs 3,memGetHandle,0x420a,decoded,indexed-only,,No semantic review recorded in this prototype catalog,1,0
21,Mohawk Libs 3,memGetHandleSize,0x429c,jump_table,indexed-only,,No semantic review recorded in this prototype catalog,12,2
21,Mohawk Libs 3,memGetLockCount,0x431e,jump_table,indexed-only,,No semantic review recorded in this prototype catalog,1,1
21,Mohawk Libs 3,memGetOSHandle,0x43aa,prologue,indexed-only,,No semantic review recorded in this prototype catalog,0,1
21,Mohawk Libs 3,memGetOwner,0x4452,jump_table,indexed-only,,No semantic review recorded in this prototype catalog,5,1
21,Mohawk Libs 3,memGetPtrSize,0x44ac,decoded,indexed-only,,No semantic review recorded in this prototype catalog,3,2
21,Mohawk Libs 3,memInit,0x452a,jump_table,indexed-only,,No semantic review recorded in this prototype catalog,1,7
21,Mohawk Libs 3,memLock,0x45fa,jump_table,indexed-only,,No semantic review recorded in this prototype catalog,47,4
21,Mohawk Libs 3,memLockXtd,0x4714,jump_table,indexed-only,,No semantic review recorded in this prototype catalog,4,2
21,Mohawk Libs 3,memMove,0x4762,jump_table,indexed-only,,No semantic review recorded in this prototype catalog,2,0
21,Mohawk Libs 3,memPageLock,0x47ac,jump_table,indexed-only,,No semantic review recorded in this prototype catalog,5,1
21,Mohawk Libs 3,memPageUnlock,0x486e,jump_table,indexed-only,,No semantic review recorded in this prototype catalog,5,1
21,Mohawk Libs 3,memPurge,0x4932,prologue,indexed-only,,No semantic review recorded in this prototype catalog,0,3
21,Mohawk Libs 3,memPurgeEnable,0x49b6,jump_table,indexed-only,,No semantic review recorded in this prototype catalog,2,0
21,Mohawk Libs 3,memPurgeHandle,0x49fc,jump_table,indexed-only,,No semantic review recorded in this prototype catalog,1,4
21,Mohawk Libs 3,memQueryHandle,0x4b20,prologue,indexed-only,,No semantic review recorded in this prototype catalog,0,1
21,Mohawk Libs 3,memQueryPtr,0x4b7e,decoded,indexed-only,,No semantic review recorded in this prototype catalog,2,1
21,Mohawk Libs 3,memQuit,0x4bbc,jump_table,indexed-only,,No semantic review recorded in this prototype catalog,0,1
21,Mohawk Libs 3,memReallocPtr,0x4c40,jump_table,indexed-only,,No semantic review recorded in this prototype catalog,2,14
21,Mohawk Libs 3,memRegisterOwner,0x4d74,jump_table,indexed-only,,No semantic review recorded in this prototype catalog,1,0
21,Mohawk Libs 3,memReleaseOSHandle,0x4dc8,prologue,indexed-only,,No semantic review recorded in this prototype catalog,0,1
21,Mohawk Libs 3,memSet,0x4e20,prologue,indexed-only,,No semantic review recorded in this prototype catalog,0,0
21,Mohawk Libs 3,memSetFailProc,0x4e70,jump_table,indexed-only,,No semantic review recorded in this prototype catalog,2,0
21,Mohawk Libs 3,memSetHandleSize,0x4ea8,jump_table,indexed-only,,No semantic review recorded in this prototype catalog,9,6
21,Mohawk Libs 3,memSetLockCount,0x4fe4,jump_table,indexed-only,,No semantic review recorded in this prototype catalog,3,2
21,Mohawk Libs 3,memSetOwner,0x50bc,jump_table,indexed-only,,No semantic review recorded in this prototype catalog,10,1
21,Mohawk Libs 3,memSetPtrSize,0x512a,decoded,indexed-only,,No semantic review recorded in this prototype catalog,1,2
21,Mohawk Libs 3,memSetPurgeProc,0x51e6,jump_table,indexed-only,,No semantic review recorded in this prototype catalog,2,0
21,Mohawk Libs 3,memSetPurgeState,0x5220,jump_table,indexed-only,,No semantic review recorded in this prototype catalog,5,2
21,Mohawk Libs 3,memSwapHandles,0x52ea,jump_table,indexed-only,,No semantic review recorded in this prototype catalog,0,4
21,Mohawk Libs 3,memUnlock,0x53da,jump_table,indexed-only,,No semantic review recorded in this prototype catalog,84,2
21,Mohawk Libs 3,memXlat,0x54ac,jump_table,indexed-only,,No semantic review recorded in this prototype catalog,76,1
21,Mohawk Libs 3,strnicmp,0x550e,jump_table,indexed-only,,No semantic review recorded in this prototype catalog,4,0
21,Mohawk Libs 3,stricmp,0x557c,prologue,indexed-only,,No semantic review recorded in this prototype catalog,0,0
21,Mohawk Libs 3,memicmp,0x55d8,jump_table,indexed-only,,No semantic review recorded in this prototype catalog,7,0
21,Mohawk Libs 3,strrev,0x5654,prologue,indexed-only,,No semantic review recorded in this prototype catalog,0,1
21,Mohawk Libs 3,strupr,0x56a8,prologue,indexed-only,,No semantic review recorded in this prototype catalog,0,0
21,Mohawk Libs 3,strlwr,0x56f4,prologue,indexed-only,,No semantic review recorded in this prototype catalog,0,0
21,Mohawk Libs 3,strset,0x5740,prologue,indexed-only,,No semantic review recorded in this prototype catalog,0,0
21,Mohawk Libs 3,strnset,0x5772,prologue,indexed-only,,No semantic review recorded in this prototype catalog,0,0
21,Mohawk Libs 3,strdup,0x57b2,prologue,indexed-only,,No semantic review recorded in this prototype catalog,0,3
21,Mohawk Libs 3,dprintf,0x57f4,prologue,indexed-only,,No semantic review recorded in this prototype catalog,0,2
21,Mohawk Libs 3,pstrcat,0x5834,jump_table,indexed-only,,No semantic review recorded in this prototype catalog,12,0
21,Mohawk Libs 3,pstrinsert,0x5878,jump_table,indexed-only,,No semantic review recorded in this prototype catalog,12,0
21,Mohawk Libs 3,pstrnicmp,0x58cc,prologue,indexed-only,,No semantic review recorded in this prototype catalog,0,0
21,Mohawk Libs 3,pstricmp,0x5990,decoded,indexed-only,,No semantic review recorded in this prototype catalog,1,0
21,Mohawk Libs 3,ReallocPtr,0x5a32,prologue,indexed-only,,No semantic review recorded in this prototype catalog,0,1
21,Mohawk Libs 3,PopRec__8DEQBlock,0x5aca,prologue,indexed-only,,No semantic review recorded in this prototype catalog,2,0
21,Mohawk Libs 3,PushRec__8DEQBlock,0x5b70,prologue,indexed-only,,No semantic review recorded in this prototype catalog,3,0
21,Mohawk Libs 3,NewRef__8DEQBlock,0x5c2a,prologue,indexed-only,,No semantic review recorded in this prototype catalog,0,4
21,Mohawk Libs 3,FreeRef__8DEQBlock,0x5d5a,prologue,indexed-only,,No semantic review recorded in this prototype catalog,0,2
21,Mohawk Libs 3,osActivate,0x5e64,decoded,indexed-only,,No semantic review recorded in this prototype catalog,1,1
21,Mohawk Libs 3,osCallClient,0x5f92,prologue,indexed-only,,No semantic review recorded in this prototype catalog,0,2
21,Mohawk Libs 3,osCreateITask,0x6002,prologue,indexed-only,,No semantic review recorded in this prototype catalog,0,5
21,Mohawk Libs 3,osDestroyITask,0x6128,decoded,indexed-only,,No semantic review recorded in this prototype catalog,1,1
21,Mohawk Libs 3,osGetClient,0x61ca,jump_table,indexed-only,,No semantic review recorded in this prototype catalog,17,0
21,Mohawk Libs 3,osGetClientBytes,0x61fe,jump_table,indexed-only,,No semantic review recorded in this prototype catalog,43,1
21,Mohawk Libs 3,osGetClientInstance,0x626a,jump_table,indexed-only,,No semantic review recorded in this prototype catalog,5,1
21,Mohawk Libs 3,osGetError,0x62de,jump_table,indexed-only,,No semantic review recorded in this prototype catalog,5,0
21,Mohawk Libs 3,osInit,0x62fc,jump_table,indexed-only,,No semantic review recorded in this prototype catalog,1,12
21,Mohawk Libs 3,osIntrEnable,0x6542,jump_table,indexed-only,,No semantic review recorded in this prototype catalog,4,1
21,Mohawk Libs 3,osPageLock,0x6582,prologue,indexed-only,,No semantic review recorded in this prototype catalog,0,0
21,Mohawk Libs 3,osPageUnlock,0x6602,prologue,indexed-only,,No semantic review recorded in this prototype catalog,0,0
21,Mohawk Libs 3,osQueryActive,0x6684,prologue,indexed-only,,No semantic review recorded in this prototype catalog,0,1
21,Mohawk Libs 3,osQueryInit,0x66fa,jump_table,indexed-only,,No semantic review recorded in this prototype catalog,6,2
21,Mohawk Libs 3,osQuit,0x675e,jump_table,indexed-only,,No semantic review recorded in this prototype catalog,1,5
21,Mohawk Libs 3,osReserveClientBytes,0x6806,jump_table,indexed-only,,No semantic review recorded in this prototype catalog,5,1
21,Mohawk Libs 3,osSetActivateHook,0x68de,prologue,indexed-only,,No semantic review recorded in this prototype catalog,0,1
21,Mohawk Libs 3,osSetInstance,0x695e,jump_table,indexed-only,,No semantic review recorded in this prototype catalog,10,0
21,Mohawk Libs 3,osYield,0x698a,prologue,indexed-only,,No semantic review recorded in this prototype catalog,0,0
21,Mohawk Libs 3,osExecuteIdleTask,0x69aa,decoded,indexed-only,,No semantic review recorded in this prototype catalog,2,0
21,Mohawk Libs 3,osGetNextEvent,0x6a02,jump_table,indexed-only,,No semantic review recorded in this prototype catalog,0,1
21,Mohawk Libs 3,osGetTime,0x6a5a,jump_table,indexed-only,,No semantic review recorded in this prototype catalog,1,3
21,Mohawk Libs 3,osResetSystemTimer,0x6b3e,prologue,indexed-only,,No semantic review recorded in this prototype catalog,0,0
21,Mohawk Libs 3,osWaitNextEvent,0x6ba4,jump_table,indexed-only,,No semantic review recorded in this prototype catalog,0,1
21,Mohawk Libs 3,threadInit,0x6c78,decoded,indexed-only,,No semantic review recorded in this prototype catalog,1,0
21,Mohawk Libs 3,threadQuit,0x6cc0,decoded,indexed-only,,No semantic review recorded in this prototype catalog,1,0
22,Mohawk Libs 4,resAttachHandle,0x0004,decoded,indexed-only,,No semantic review recorded in this prototype catalog,2,5
22,Mohawk Libs 4,resCopy,0x00ac,decoded,indexed-only,,No semantic review recorded in this prototype catalog,2,14
22,Mohawk Libs 4,resDirDelete,0x0238,prologue,indexed-only,,No semantic review recorded in this prototype catalog,1,10
22,Mohawk Libs 4,resDirInsert,0x076e,prologue,indexed-only,,No semantic review recorded in this prototype catalog,1,16
22,Mohawk Libs 4,resEnumCallback,0x0e26,prologue,indexed-only,,No semantic review recorded in this prototype catalog,4,3
22,Mohawk Libs 4,resInit,0x0e94,jump_table,indexed-only,,No semantic review recorded in this prototype catalog,1,19
22,Mohawk Libs 4,resMapUpdate,0x1004,decoded,indexed-only,,No semantic review recorded in this prototype catalog,3,20
22,Mohawk Libs 4,resPurgeProc,0x1258,jump_table,indexed-only,,No semantic review recorded in this prototype catalog,0,13
22,Mohawk Libs 4,resQueryInit,0x148a,jump_table,indexed-only,,No semantic review recorded in this prototype catalog,2,1
22,Mohawk Libs 4,resQuit,0x14d6,jump_table,indexed-only,,No semantic review recorded in this prototype catalog,0,5
22,Mohawk Libs 4,resXlatChunk,0x1566,decoded,indexed-only,,No semantic review recorded in this prototype catalog,3,0
22,Mohawk Libs 4,resXlatDir,0x158a,decoded,indexed-only,,No semantic review recorded in this prototype catalog,4,0
22,Mohawk Libs 4,resXlatList,0x172a,decoded,indexed-only,,No semantic review recorded in this prototype catalog,4,0
22,Mohawk Libs 4,resAttach,0x17d0,prologue,indexed-only,,No semantic review recorded in this prototype catalog,0,9
22,Mohawk Libs 4,resCloseFile,0x19d0,jump_table,indexed-only,,No semantic review recorded in this prototype catalog,3,25
22,Mohawk Libs 4,resQsortList,0x1e3a,jump_table,indexed-only,,No semantic review recorded in this prototype catalog,0,0
22,Mohawk Libs 4,resCreate,0x1ece,prologue,indexed-only,,No semantic review recorded in this prototype catalog,0,11
22,Mohawk Libs 4,resCreateFile,0x2164,prologue,indexed-only,,No semantic review recorded in this prototype catalog,0,8
22,Mohawk Libs 4,resDelete,0x2266,prologue,indexed-only,,No semantic review recorded in this prototype catalog,0,11
22,Mohawk Libs 4,resEnumFiles,0x2524,prologue,indexed-only,,No semantic review recorded in this prototype catalog,0,4
22,Mohawk Libs 4,resEnumIds,0x25e8,prologue,indexed-only,,No semantic review recorded in this prototype catalog,0,6
22,Mohawk Libs 4,resEnumNames,0x276c,prologue,indexed-only,,No semantic review recorded in this prototype catalog,0,6
22,Mohawk Libs 4,resEnumTypes,0x2908,prologue,indexed-only,,No semantic review recorded in this prototype catalog,0,5
22,Mohawk Libs 4,resFind,0x29fe,jump_table,indexed-only,,No semantic review recorded in this prototype catalog,7,3
22,Mohawk Libs 4,resFindHandle,0x2c0c,decoded,indexed-only,,No semantic review recorded in this prototype catalog,1,2
22,Mohawk Libs 4,resFindName,0x2d40,prologue,indexed-only,,No semantic review recorded in this prototype catalog,0,5
22,Mohawk Libs 4,resFree,0x2f84,prologue,indexed-only,,No semantic review recorded in this prototype catalog,0,9
22,Mohawk Libs 4,resGetError,0x3152,jump_table,indexed-only,,No semantic review recorded in this prototype catalog,3,0
22,Mohawk Libs 4,resGetFile,0x3172,prologue,indexed-only,,No semantic review recorded in this prototype catalog,0,1
22,Mohawk Libs 4,resGetInfo,0x31ac,prologue,indexed-only,,No semantic review recorded in this prototype catalog,0,4
22,Mohawk Libs 4,resGetSize,0x3434,prologue,indexed-only,,No semantic review recorded in this prototype catalog,0,2
22,Mohawk Libs 4,resHomeFile,0x3584,prologue,indexed-only,,No semantic review recorded in this prototype catalog,0,1
22,Mohawk Libs 4,resLoad,0x3698,jump_table,indexed-only,,No semantic review recorded in this prototype catalog,6,18
22,Mohawk Libs 4,resOpenFile,0x3956,jump_table,indexed-only,,No semantic review recorded in this prototype catalog,2,45
22,Mohawk Libs 4,resRead,0x3ebe,decoded,indexed-only,,No semantic review recorded in this prototype catalog,2,10
22,Mohawk Libs 4,resSetChanged,0x412e,prologue,indexed-only,,No semantic review recorded in this prototype catalog,0,3
22,Mohawk Libs 4,resSetFile,0x42e6,prologue,indexed-only,,No semantic review recorded in this prototype catalog,0,2
22,Mohawk Libs 4,resSetPreload,0x4394,prologue,indexed-only,,No semantic review recorded in this prototype catalog,0,1
22,Mohawk Libs 4,resSetProtected,0x44d4,prologue,indexed-only,,No semantic review recorded in this prototype catalog,0,1
22,Mohawk Libs 4,resSetPurgeable,0x4616,jump_table,indexed-only,,No semantic review recorded in this prototype catalog,6,2
22,Mohawk Libs 4,resUpdate,0x47a0,decoded,indexed-only,,No semantic review recorded in this prototype catalog,1,9
22,Mohawk Libs 4,resUpdateFile,0x4998,decoded,indexed-only,,No semantic review recorded in this prototype catalog,1,9
22,Mohawk Libs 4,resWrite,0x4b54,decoded,indexed-only,,No semantic review recorded in this prototype catalog,2,8
22,Mohawk Libs 4,resQCallback,0x4e90,decoded,indexed-only,,No semantic review recorded in this prototype catalog,9,3
22,Mohawk Libs 4,resQCancel,0x4efc,prologue,indexed-only,,No semantic review recorded in this prototype catalog,2,5
22,Mohawk Libs 4,resQCompare,0x507c,decoded,indexed-only,,No semantic review recorded in this prototype catalog,5,0
22,Mohawk Libs 4,resQExec,0x512c,prologue,indexed-only,,No semantic review recorded in this prototype catalog,0,11
22,Mohawk Libs 4,resQExecRef,0x537a,decoded,indexed-only,,No semantic review recorded in this prototype catalog,4,13
22,Mohawk Libs 4,resQFindItem,0x565c,decoded,indexed-only,,No semantic review recorded in this prototype catalog,3,6
22,Mohawk Libs 4,resQFlush,0x57f4,decoded,indexed-only,,No semantic review recorded in this prototype catalog,1,7
22,Mohawk Libs 4,resQFreeRef,0x5988,decoded,indexed-only,,No semantic review recorded in this prototype catalog,6,19
22,Mohawk Libs 4,resQLink,0x5d9a,decoded,indexed-only,,No semantic review recorded in this prototype catalog,1,13
22,Mohawk Libs 4,resQLoad,0x600a,decoded,indexed-only,,No semantic review recorded in this prototype catalog,1,9
22,Mohawk Libs 4,resQLoadProc,0x6274,jump_table,indexed-only,,No semantic review recorded in this prototype catalog,0,4
22,Mohawk Libs 4,resQPrefetch,0x66b8,prologue,indexed-only,,No semantic review recorded in this prototype catalog,1,4
22,Mohawk Libs 4,resQRead,0x6862,decoded,indexed-only,,No semantic review recorded in this prototype catalog,1,12
22,Mohawk Libs 4,timerCreate,0x6ada,jump_table,indexed-only,,No semantic review recorded in this prototype catalog,3,5
22,Mohawk Libs 4,timerDestroy,0x6cac,jump_table,indexed-only,,No semantic review recorded in this prototype catalog,4,2
22,Mohawk Libs 4,timerGetError,0x6d18,jump_table,indexed-only,,No semantic review recorded in this prototype catalog,2,0
22,Mohawk Libs 4,timerGetTime,0x6d3a,jump_table,indexed-only,,No semantic review recorded in this prototype catalog,8,1
22,Mohawk Libs 4,timerInit,0x6d5e,jump_table,indexed-only,,No semantic review recorded in this prototype catalog,1,3
22,Mohawk Libs 4,timerQueryInit,0x6e64,jump_table,indexed-only,,No semantic review recorded in this prototype catalog,2,0
22,Mohawk Libs 4,timerQuit,0x6e92,jump_table,indexed-only,,No semantic review recorded in this prototype catalog,0,2
22,Mohawk Libs 4,periodicXTask,0x6ed6,jump_table,indexed-only,,No semantic review recorded in this prototype catalog,0,1
22,Mohawk Libs 4,periodicTask,0x6f80,jump_table,indexed-only,,No semantic review recorded in this prototype catalog,0,1
22,Mohawk Libs 4,__ct__13TimerLinkItemFRC10TTimerInfo,0x70de,jump_table,indexed-only,,No semantic review recorded in this prototype catalog,0,1
22,Mohawk Libs 4,__ct__13TimerLinkListFv,0x7156,decoded,indexed-only,,No semantic review recorded in this prototype catalog,1,0
22,Mohawk Libs 4,__dt__13TimerLinkListFv,0x71a0,decoded,indexed-only,,No semantic review recorded in this prototype catalog,0,1
22,Mohawk Libs 4,AddItem__13TimerLinkListFRC10TTimerInfo,0x71f2,decoded,indexed-only,,No semantic review recorded in this prototype catalog,0,2
22,Mohawk Libs 4,InsertItem__13TimerLinkListFRC10TTimerInfo,0x72a2,prologue,indexed-only,,No semantic review recorded in this prototype catalog,0,3
22,Mohawk Libs 4,RemoveItem__13TimerLinkListFv,0x7360,decoded,indexed-only,,No semantic review recorded in this prototype catalog,1,1
22,Mohawk Libs 4,SelectItem__13TimerLinkListFRC10TTimerInfo,0x7406,decoded,indexed-only,,No semantic review recorded in this prototype catalog,1,0
22,Mohawk Libs 4,SelectFirstItem__13TimerLinkListFv,0x74ac,decoded,indexed-only,,No semantic review recorded in this prototype catalog,3,0
22,Mohawk Libs 4,SelectLastItem__13TimerLinkListFv,0x74f6,prologue,indexed-only,,No semantic review recorded in this prototype catalog,0,0
22,Mohawk Libs 4,SelectNextItem__13TimerLinkListFv,0x756a,decoded,indexed-only,,No semantic review recorded in this prototype catalog,0,0
23,Rooftops,DrawRoofBackWall,0x0004,decoded,partial,pop2/render_opening.py,ordinary and harbor background SHAP tables; ordinary fill,5,4
23,Rooftops,DrawRoofFloor,0x0248,jump_table,partial,pop2/render_opening.py,"floor masks/ledge exceptions; harbor cap offsets, background planks, exposed near-face geometry and partial climb redraw; conditional passes incomplete",0,14
23,Rooftops,DrawRoofLedgeInBack,0x05a2,jump_table,partial,pop2/render_opening.py,row-owned ledge mask subset,0,6
23,Rooftops,RoofCheckPalette,0x06e8,jump_table,indexed-only,,No semantic review recorded in this prototype catalog,0,4
23,Rooftops,RoofMakeWaterTestRect,0x087e,jump_table,partial,pop2/harbor.py;pop2/scene_prototype.py,native room-15 offscreen-right death threshold and SEQS:71; sound waits/cinematic/life-drain presentation missing,1,18
23,Rooftops,RoofWatchOpps,0x09e6,jump_table,partial,pop2/harbor.py;pop2/scene_prototype.py,"harbor water thresholds, exempt sequences and eight-frame death delay; per-actor host splash storage",2,10
23,Rooftops,SetupSplash,0x0b3e,jump_table,partial,pop2/harbor.py;pop2/render_opening.py;pop2/audio.py,"six native splash shapes, center/Y offsets and cue 35 playback",4,6
23,Rooftops,AnimRoofGlass,0x0c30,jump_table,indexed-only,,No semantic review recorded in this prototype catalog,0,2
23,Rooftops,DrawRoofGlass,0x0c84,jump_table,partial,pop2/opening_animation.py;pop2/scene_prototype.py,opening window/glass timeline,0,2
23,Rooftops,AnimRoofPillar,0x0d1c,jump_table,partial,pop2/harbor.py,four-phase wave cycle; native random phase initialization missing,0,6
23,Rooftops,DrawRoofPillar,0x0dce,jump_table,partial,pop2/render_opening.py,"pillar/wave SHAPs, PIEC offsets, DATA clips and ordinary splash occlusion; conditional actor ordering incomplete",0,9
23,Rooftops,DrawPillarInBack,0x0f96,decoded,indexed-only,,No semantic review recorded in this prototype catalog,1,2
23,Rooftops,TriggerRoofPillar,0x1008,jump_table,indexed-only,,No semantic review recorded in this prototype catalog,1,2
23,Rooftops,AnimRoofShip,0x1066,jump_table,partial,pop2/harbor.py,departure counter and two-pixel hull drift; full native obstacle bank missing,0,2
23,Rooftops,DrawRoofShip,0x1120,jump_table,partial,pop2/render_opening.py,"native body, hatch foreground and wake shapes/offsets",0,7
23,Rooftops,TriggerRoofShip,0x1256,jump_table,partial,pop2/harbor.py;pop2/scene_prototype.py,"room-entry activation, pose 34-40 reset and counter limits",1,1
23,Rooftops,RoofClimbingIntoShip,0x12ba,jump_table,partial,pop2/harbor.py;pop2/scene_prototype.py,SEQS:59 selection and ship-relative actor movement,3,0
23,Rooftops,RoofHangingFromShip,0x132c,jump_table,partial,pop2/harbor.py;pop2/scene_prototype.py,"native room, X, mode and pose predicate",3,0
23,Rooftops,ATMGlass,0x137e,jump_table,indexed-only,,No semantic review recorded in this prototype catalog,0,5
23,Rooftops,DrawObjGlass,0x1416,jump_table,indexed-only,,No semantic review recorded in this prototype catalog,1,1
23,Rooftops,TriggerGlass,0x14c0,jump_table,indexed-only,,No semantic review recorded in this prototype catalog,1,5
